"id","series_id","series_number","accepted_by","image_data","created_at","updated_at","requested_by"
"019bb7c0-8031-7128-83e1-88a7100313c0","019bb7c0-7cea-7033-933a-52542b7e8731","1","019bb7be-fec4-7390-a7e1-63b1a0c1067f","clippers/iygJdeXj4MWlTeOIixFSkcBHBamp4LFyhzbzkgIN.jpg","2026-01-13 14:26:44","2026-01-13 14:30:57","019bb7be-fec4-7390-a7e1-63b1a0c1067f"
"019bb7c0-83d7-7352-b94b-d8e8424da48e","019bb7c0-7cea-7033-933a-52542b7e8731","2","019bb7be-fec4-7390-a7e1-63b1a0c1067f","clippers/bEpiQbqfCu320hqa3jDCmHyMq3wsyb4stEjzLCFp.jpg","2026-01-13 14:26:45","2026-01-13 14:26:45","019bb7be-fec4-7390-a7e1-63b1a0c1067f"
"019bb7c4-5ed8-72f6-9db8-3dd905f95d53","019bb7c0-7cea-7033-933a-52542b7e8731","3","019bb7be-fec4-7390-a7e1-63b1a0c1067f","clippers/OyqrTYkqbWhHcSL8pP66ztIuPyq7uMW3MukY8577.jpg","2026-01-13 14:30:58","2026-01-13 14:30:58","019bb7be-fec4-7390-a7e1-63b1a0c1067f"
"019bb7c4-628e-7247-b320-c2dac07457db","019bb7c0-7cea-7033-933a-52542b7e8731","4","019bb7be-fec4-7390-a7e1-63b1a0c1067f","clippers/cfdSDvYAtL0WZp25ChuqPzVZfLepZPXvUVOoax7s.jpg","2026-01-13 14:30:59","2026-01-13 14:30:59","019bb7be-fec4-7390-a7e1-63b1a0c1067f"
"019bb7c7-008e-7201-b5a4-267d65bd84c0","019bb7c6-fd07-7034-b242-ac1ca21d0af0","1","019bb7be-fec4-7390-a7e1-63b1a0c1067f","clippers/Wf2HGn7ihq73YoxOMSySty9jihadgPeDUWWp4oJJ.jpg","2026-01-13 14:33:50","2026-01-13 14:33:50","019bb7be-fec4-7390-a7e1-63b1a0c1067f"
"019bb7c7-03a5-717d-9f28-ce745275b4af","019bb7c6-fd07-7034-b242-ac1ca21d0af0","2","019bb7be-fec4-7390-a7e1-63b1a0c1067f","clippers/J3dn76QKPX2gY5r41XS21Q8FK4VpN0YnP3NW8Alh.jpg","2026-01-13 14:33:51","2026-01-13 14:33:51","019bb7be-fec4-7390-a7e1-63b1a0c1067f"
"019bb7c7-06fd-7140-8c05-2b6d74c511ca","019bb7c6-fd07-7034-b242-ac1ca21d0af0","3","019bb7be-fec4-7390-a7e1-63b1a0c1067f","clippers/t4cAJj4S2UH1vFBIAq62E4csOXgA1PFMYRhN2Ggs.jpg","2026-01-13 14:33:52","2026-01-13 14:33:52","019bb7be-fec4-7390-a7e1-63b1a0c1067f"
"019bb7c7-0a0c-7033-acd0-2f21baf6dfed","019bb7c6-fd07-7034-b242-ac1ca21d0af0","4","019bb7be-fec4-7390-a7e1-63b1a0c1067f","clippers/fo6Rdng5C55ucIzRhYqxz6PtDGzwDNrbELJ7G3lH.jpg","2026-01-13 14:33:53","2026-01-13 14:33:53","019bb7be-fec4-7390-a7e1-63b1a0c1067f"
"019bb7c9-4e32-7318-aed5-b24b2cc20828","019bb7c9-4a0c-707b-9768-303255f08c18","1","019bb7be-fec4-7390-a7e1-63b1a0c1067f","clippers/glTlTa34lnSUjFepX4QMUnliFpnZPz9zSqtY7T4w.jpg","2026-01-13 14:36:21","2026-01-13 14:36:21","019bb7be-fec4-7390-a7e1-63b1a0c1067f"
"019bb7c9-5267-7011-8559-75e4f66f6df2","019bb7c9-4a0c-707b-9768-303255f08c18","2","019bb7be-fec4-7390-a7e1-63b1a0c1067f","clippers/5pwXoengyUomLiPzUvXT6AG6DQbl5fB2kpOYzKTK.jpg","2026-01-13 14:36:23","2026-01-13 14:36:23","019bb7be-fec4-7390-a7e1-63b1a0c1067f"
"019bb7c9-56c9-7074-8ea6-9e259f417ee4","019bb7c9-4a0c-707b-9768-303255f08c18","3","019bb7be-fec4-7390-a7e1-63b1a0c1067f","clippers/dXueyGFfoi9MVuK3HlJVCOrbFWtp7fPDXSRd4M36.jpg","2026-01-13 14:36:24","2026-01-13 14:36:24","019bb7be-fec4-7390-a7e1-63b1a0c1067f"
"019bb7c9-5b44-73c0-b8d5-6bc550766965","019bb7c9-4a0c-707b-9768-303255f08c18","4","019bb7be-fec4-7390-a7e1-63b1a0c1067f","clippers/gdYHVnQgnjWlRzFIu3wA7Ua6pssTbmstwpyADfOr.jpg","2026-01-13 14:36:25","2026-01-13 14:36:25","019bb7be-fec4-7390-a7e1-63b1a0c1067f"
"019bb7ce-dd22-73fa-9667-85e11a01c5c8","019bb7ce-da76-70fc-8593-59f80b19d414","1","019bb7be-fec4-7390-a7e1-63b1a0c1067f","clippers/jHXnG3KSQ2G9xguB1xOPiGnl49eLlO6W7JDtJgo2.jpg","2026-01-13 14:42:26","2026-01-13 14:42:26","019bb7be-fec4-7390-a7e1-63b1a0c1067f"
"019bb7ce-e0e2-7217-9b28-c3e3b95f61d9","019bb7ce-da76-70fc-8593-59f80b19d414","2","019bb7be-fec4-7390-a7e1-63b1a0c1067f","clippers/oZ5EQzGRvJN6dnzioccx9M8aKrZGmRQfSjb9WOKP.jpg","2026-01-13 14:42:27","2026-01-13 14:42:27","019bb7be-fec4-7390-a7e1-63b1a0c1067f"
"019bb7ce-e3d7-72dc-92cb-d1cbed5468d9","019bb7ce-da76-70fc-8593-59f80b19d414","3","019bb7be-fec4-7390-a7e1-63b1a0c1067f","clippers/zrbB3XquXTRkwfYEqJYFqRz36TrWU5frPGxY7o7g.jpg","2026-01-13 14:42:27","2026-01-13 14:42:27","019bb7be-fec4-7390-a7e1-63b1a0c1067f"
"019bb7ce-e74c-70aa-98ff-ffb3088e54c7","019bb7ce-da76-70fc-8593-59f80b19d414","4","019bb7be-fec4-7390-a7e1-63b1a0c1067f","clippers/OwyEfJb8OYnaBYCa4dOCPrRzkSMJYuPG4IrFTfsj.jpg","2026-01-13 14:42:28","2026-01-13 14:42:28","019bb7be-fec4-7390-a7e1-63b1a0c1067f"
"019bb7d0-936b-70f4-be4c-d55cf3c1b4d8","019bb7d0-8fac-722a-8fd9-bc25155c29c0","1","019bb7be-fec4-7390-a7e1-63b1a0c1067f","clippers/vUoy68TJA4FrjTVfPhWf4HSrrRYyiaqNFPMJ6Vly.jpg","2026-01-13 14:44:18","2026-01-13 14:44:18","019bb7be-fec4-7390-a7e1-63b1a0c1067f"
"019bb7d0-969d-73c8-bbae-ced0663e8312","019bb7d0-8fac-722a-8fd9-bc25155c29c0","2","019bb7be-fec4-7390-a7e1-63b1a0c1067f","clippers/iPju3QDc0POAzVaJoYxOCFpRyT7YQbunTbe1r3kC.jpg","2026-01-13 14:44:19","2026-01-13 14:44:19","019bb7be-fec4-7390-a7e1-63b1a0c1067f"
"019bb7d0-9e28-70da-8ca6-b7a923cb589e","019bb7d0-8fac-722a-8fd9-bc25155c29c0","4","019bb7be-fec4-7390-a7e1-63b1a0c1067f","clippers/cN5Uv0eKZHh2Mt9hovI2Am7uMpJz0kvVfxt8VNyh.jpg","2026-01-13 14:44:21","2026-01-13 14:44:21","019bb7be-fec4-7390-a7e1-63b1a0c1067f"
"019bb7d2-38cd-723d-9b93-d647d1b1963a","019bb7d0-8fac-722a-8fd9-bc25155c29c0","3","019bb7be-fec4-7390-a7e1-63b1a0c1067f","clippers/xa4YZRlyoZmljcYr4dWXWWOZnRrvAQkeOp9SyGuR.jpg","2026-01-13 14:46:06","2026-01-13 14:46:06","019bb7be-fec4-7390-a7e1-63b1a0c1067f"
"019bb7d3-7a7f-715a-91ba-696a71e1e19e","019bb7d3-771f-73f4-ad45-f4e47622d12e","1","019bb7be-fec4-7390-a7e1-63b1a0c1067f","clippers/AT7vLXfus72qauSQ7v3e5OBg1CPw5g3hCljT80j5.jpg","2026-01-13 14:47:28","2026-01-13 14:47:28","019bb7be-fec4-7390-a7e1-63b1a0c1067f"
"019bb7d3-7dd0-732d-bafe-f7f0ea7c89e7","019bb7d3-771f-73f4-ad45-f4e47622d12e","2","019bb7be-fec4-7390-a7e1-63b1a0c1067f","clippers/Msi6RExIqBLTTFTo1ayqQmmomQ2sJFnbSDZZUpZu.jpg","2026-01-13 14:47:29","2026-01-13 14:47:29","019bb7be-fec4-7390-a7e1-63b1a0c1067f"
"019bb7d3-8074-7109-9aba-e8dd94d189cc","019bb7d3-771f-73f4-ad45-f4e47622d12e","3","019bb7be-fec4-7390-a7e1-63b1a0c1067f","clippers/yfp1GXkT01Bzyc1SFbAl0u8ylL5gKXWdssP7oB1o.jpg","2026-01-13 14:47:30","2026-01-13 14:47:30","019bb7be-fec4-7390-a7e1-63b1a0c1067f"
"019bb7d3-8310-7149-921b-5e46d2022b90","019bb7d3-771f-73f4-ad45-f4e47622d12e","4","019bb7be-fec4-7390-a7e1-63b1a0c1067f","clippers/IPad1K12NS0xD2hmqDss9nv5Hln1oE3obU9iust7.jpg","2026-01-13 14:47:30","2026-01-13 14:47:30","019bb7be-fec4-7390-a7e1-63b1a0c1067f"
"019bb7d6-1dfc-71d0-b4dc-b32d02ca18bc","019bb7d6-1a21-7049-b159-0f646bad04b6","1","019bb7be-fec4-7390-a7e1-63b1a0c1067f","clippers/3K7HyBXWr6w4wUx30dbEqYJysebkiOFTKdllZThX.jpg","2026-01-13 14:50:21","2026-01-13 14:50:21","019bb7be-fec4-7390-a7e1-63b1a0c1067f"
"019bb7d6-2198-7120-921b-cf81c7287657","019bb7d6-1a21-7049-b159-0f646bad04b6","2","019bb7be-fec4-7390-a7e1-63b1a0c1067f","clippers/d99fO9sJfQl9XmAipXxaPZOVl2O7gWJIyCIumJHX.jpg","2026-01-13 14:50:22","2026-01-13 14:50:22","019bb7be-fec4-7390-a7e1-63b1a0c1067f"
"019bb7d6-24f6-72d7-ae87-21868dab92d0","019bb7d6-1a21-7049-b159-0f646bad04b6","3","019bb7be-fec4-7390-a7e1-63b1a0c1067f","clippers/cOTJEdMtt9XvgcS0olITMPdbRnMrwtEl21IS2QLS.jpg","2026-01-13 14:50:23","2026-01-13 14:50:23","019bb7be-fec4-7390-a7e1-63b1a0c1067f"
"019bb7d6-2920-70f4-b15e-2ba90565c14c","019bb7d6-1a21-7049-b159-0f646bad04b6","4","019bb7be-fec4-7390-a7e1-63b1a0c1067f","clippers/9Yp2sk3Z1IoDfrW4MSEq74w1rxjzHWQsAPG32vlY.jpg","2026-01-13 14:50:24","2026-01-13 14:50:24","019bb7be-fec4-7390-a7e1-63b1a0c1067f"
"019bb7d7-755e-700a-8a77-44252d022225","019bb7d7-7170-73d3-87a6-377fb8e7c45b","1","019bb7be-fec4-7390-a7e1-63b1a0c1067f","clippers/vywgt66vRs7cl4b7DzE8fB9lKYz3cUajIRKfQbNh.jpg","2026-01-13 14:51:49","2026-01-13 14:51:49","019bb7be-fec4-7390-a7e1-63b1a0c1067f"
"019bb7d7-7926-7266-a0ec-017c0c3df5bb","019bb7d7-7170-73d3-87a6-377fb8e7c45b","2","019bb7be-fec4-7390-a7e1-63b1a0c1067f","clippers/vQLEgTJx42cfAmoBBc7tJwm7nY8SvXdmvjzn8Rqk.jpg","2026-01-13 14:51:50","2026-01-13 14:51:50","019bb7be-fec4-7390-a7e1-63b1a0c1067f"
"019bb7d7-7d08-71b9-9a59-2423a97c323a","019bb7d7-7170-73d3-87a6-377fb8e7c45b","3","019bb7be-fec4-7390-a7e1-63b1a0c1067f","clippers/iaArRP5u1XQhnLGQSlW9Y4QEvqXIBI94xY3TZPSC.jpg","2026-01-13 14:51:51","2026-01-13 14:51:51","019bb7be-fec4-7390-a7e1-63b1a0c1067f"
"019bb7d7-80e0-7042-9b79-77378618214e","019bb7d7-7170-73d3-87a6-377fb8e7c45b","4","019bb7be-fec4-7390-a7e1-63b1a0c1067f","clippers/3taxwwnPClnDw1oS9Gi7o0c8UVtJOcFGzltUItSb.jpg","2026-01-13 14:51:52","2026-01-13 14:51:52","019bb7be-fec4-7390-a7e1-63b1a0c1067f"
"019bb7da-4998-701c-bb3d-036125878165","019bb7da-45e0-7276-8311-6da56aa02da0","1","019bb7be-fec4-7390-a7e1-63b1a0c1067f","clippers/ozPZSE5wUpfcGpWF4ZUEBymDzhT8xD03SUY6E2tk.jpg","2026-01-13 14:54:54","2026-01-13 14:54:54","019bb7be-fec4-7390-a7e1-63b1a0c1067f"
"019bb7da-4cef-73ff-a6c5-9cec43545aca","019bb7da-45e0-7276-8311-6da56aa02da0","2","019bb7be-fec4-7390-a7e1-63b1a0c1067f","clippers/jhB2ZkYHwFjjpemDBacCZHW2iHhGNPPbDruAemCk.jpg","2026-01-13 14:54:55","2026-01-13 14:54:55","019bb7be-fec4-7390-a7e1-63b1a0c1067f"
"019bb7da-5146-738e-aea9-a0f7802881b1","019bb7da-45e0-7276-8311-6da56aa02da0","3","019bb7be-fec4-7390-a7e1-63b1a0c1067f","clippers/SBF8VWjVJTQpqu0FReVu96JaoZa3s4GmeJxj4MGE.jpg","2026-01-13 14:54:56","2026-01-13 14:54:56","019bb7be-fec4-7390-a7e1-63b1a0c1067f"
"019bb7da-544e-73cf-9416-873e2195a9ea","019bb7da-45e0-7276-8311-6da56aa02da0","4","019bb7be-fec4-7390-a7e1-63b1a0c1067f","clippers/nvpU7lxo3p8iViWBe1gQLhQ6LziHwsLZvxLqB7v4.jpg","2026-01-13 14:54:57","2026-01-13 14:54:57","019bb7be-fec4-7390-a7e1-63b1a0c1067f"
"019bb7dd-0956-731d-b1aa-b22b4b3eeb31","019bb7dd-061b-7138-a3c5-84be1b2008ff","1","019bb7be-fec4-7390-a7e1-63b1a0c1067f","clippers/yQACkvl4yv7lQMnxpaWVE2EZ4PmBWp1pfF2Drwqg.jpg","2026-01-13 14:57:55","2026-01-13 14:57:55","019bb7be-fec4-7390-a7e1-63b1a0c1067f"
"019bb7dd-0c71-72b8-8775-0ab5782743ad","019bb7dd-061b-7138-a3c5-84be1b2008ff","2","019bb7be-fec4-7390-a7e1-63b1a0c1067f","clippers/j82vuwlRCEXoG1yx1eXoq2hAVNkjDP3GlRv22kNg.jpg","2026-01-13 14:57:55","2026-01-13 14:57:55","019bb7be-fec4-7390-a7e1-63b1a0c1067f"
"019bb7dd-1016-7199-9f7f-f84e898b1675","019bb7dd-061b-7138-a3c5-84be1b2008ff","3","019bb7be-fec4-7390-a7e1-63b1a0c1067f","clippers/XEvNCyyGi12HCaFttLlW0WLJhUEKB7GHnQMpqBFu.jpg","2026-01-13 14:57:56","2026-01-13 14:57:56","019bb7be-fec4-7390-a7e1-63b1a0c1067f"
"019bb7dd-1364-73c6-91f1-902b1914385c","019bb7dd-061b-7138-a3c5-84be1b2008ff","4","019bb7be-fec4-7390-a7e1-63b1a0c1067f","clippers/49e6Ac6s3xXIFlcyeGhKyvFFqOHNtNHyXmvee0r1.jpg","2026-01-13 14:57:57","2026-01-13 14:57:57","019bb7be-fec4-7390-a7e1-63b1a0c1067f"
"019bb7df-22e4-733b-aed4-45d47762ed68","019bb7df-1e3f-7006-ae3b-a0ce6fd4090e","1","019bb7be-fec4-7390-a7e1-63b1a0c1067f","clippers/9h09S62d56vz2QGZmBsZvMiUldKCnWpDeTrn5Q0E.jpg","2026-01-13 15:00:12","2026-01-13 15:00:12","019bb7be-fec4-7390-a7e1-63b1a0c1067f"
"019bb7df-2686-7215-821c-b4a9fafa8925","019bb7df-1e3f-7006-ae3b-a0ce6fd4090e","2","019bb7be-fec4-7390-a7e1-63b1a0c1067f","clippers/T9v74zuNZuE1PRW1VJmyq66bQuWHra3J37eXgUOo.jpg","2026-01-13 15:00:13","2026-01-13 15:00:13","019bb7be-fec4-7390-a7e1-63b1a0c1067f"
"019bb7df-2aee-71eb-aa8f-1104d21e883e","019bb7df-1e3f-7006-ae3b-a0ce6fd4090e","3","019bb7be-fec4-7390-a7e1-63b1a0c1067f","clippers/xAwTFDF4viDme2xjDNlRHBqjjljs7nR1nafPn5Wk.jpg","2026-01-13 15:00:14","2026-01-13 15:00:14","019bb7be-fec4-7390-a7e1-63b1a0c1067f"
"019bb7df-2ecc-7367-8e26-6f3cf8d790c3","019bb7df-1e3f-7006-ae3b-a0ce6fd4090e","4","019bb7be-fec4-7390-a7e1-63b1a0c1067f","clippers/UpA6AHGA5QFZzABnuSR54o8VeNeVufNGOkERGKU7.jpg","2026-01-13 15:00:15","2026-01-13 15:00:15","019bb7be-fec4-7390-a7e1-63b1a0c1067f"
"019bb7e0-89c1-73b6-b9fd-a1bcc3890669","019bb7e0-868d-72f2-8c74-6cd54d7f40c6","1","019bb7be-fec4-7390-a7e1-63b1a0c1067f","clippers/uxUWCtoYXnjW42xcZCbn0vgoLkfR7vgfLPA1U819.jpg","2026-01-13 15:01:44","2026-01-13 15:01:44","019bb7be-fec4-7390-a7e1-63b1a0c1067f"
"019bb7e0-8eca-71b7-9d51-8b26348f60ed","019bb7e0-868d-72f2-8c74-6cd54d7f40c6","2","019bb7be-fec4-7390-a7e1-63b1a0c1067f","clippers/zsesE9KH9BNZXyyUId3O42PDWwIpCYMRTJqBaaN4.jpg","2026-01-13 15:01:45","2026-01-13 15:01:45","019bb7be-fec4-7390-a7e1-63b1a0c1067f"
"019bb7e0-92c7-71ac-bb65-a6826c3657c7","019bb7e0-868d-72f2-8c74-6cd54d7f40c6","3","019bb7be-fec4-7390-a7e1-63b1a0c1067f","clippers/l3r5nlCYWer0TdHHhya4luSVg5uaQL7jWqkGmeVG.jpg","2026-01-13 15:01:46","2026-01-13 15:01:46","019bb7be-fec4-7390-a7e1-63b1a0c1067f"
"019bb7e0-98e5-73bf-9732-c86c572accbf","019bb7e0-868d-72f2-8c74-6cd54d7f40c6","4","019bb7be-fec4-7390-a7e1-63b1a0c1067f","clippers/OrX7HE8HZd5Bj6THYvY1QB7GEowm1dmxZo8PWO9Z.jpg","2026-01-13 15:01:48","2026-01-13 15:01:48","019bb7be-fec4-7390-a7e1-63b1a0c1067f"
"019bb7e2-2ef0-7272-b27a-05f4e0f3e6b5","019bb7e2-27a7-70c2-adc9-65a1e4993f53","1","019bb7be-fec4-7390-a7e1-63b1a0c1067f","clippers/xMf9IwFtW0ucZWpaBdTri2TRxGzWn2mzaWBIFdsC.jpg","2026-01-13 15:03:32","2026-01-13 15:03:32","019bb7be-fec4-7390-a7e1-63b1a0c1067f"
"019bb7e2-34a8-70c3-a6e2-bfdc1ececc70","019bb7e2-27a7-70c2-adc9-65a1e4993f53","2","019bb7be-fec4-7390-a7e1-63b1a0c1067f","clippers/RqCVmhORt0AHyh4TNXnaslvRMhRV2Z5kWHfAbdgd.jpg","2026-01-13 15:03:33","2026-01-13 15:03:33","019bb7be-fec4-7390-a7e1-63b1a0c1067f"
"019bb7e2-38f3-71d0-97e0-a3285c41e669","019bb7e2-27a7-70c2-adc9-65a1e4993f53","3","019bb7be-fec4-7390-a7e1-63b1a0c1067f","clippers/7V2q5TgagyhloKE0HrGdvyYyb7D6u6h2Ubj75apB.jpg","2026-01-13 15:03:34","2026-01-13 15:03:34","019bb7be-fec4-7390-a7e1-63b1a0c1067f"
"019bb7e2-3daa-71ce-ae2d-5eeeaaa60972","019bb7e2-27a7-70c2-adc9-65a1e4993f53","4","019bb7be-fec4-7390-a7e1-63b1a0c1067f","clippers/pGELXGYz0ElGbmPzttnWzcuE4zdVLiiojTDEyGZr.jpg","2026-01-13 15:03:36","2026-01-13 15:03:36","019bb7be-fec4-7390-a7e1-63b1a0c1067f"
"019bb7e3-9078-7298-a54e-5a33b9170871","019bb7e3-8c53-7013-9bea-0eb27f7450b4","1","019bb7be-fec4-7390-a7e1-63b1a0c1067f","clippers/E2uG1TNvE48nnIZeyE6oc79aB1fXyicaXWtcS8AY.jpg","2026-01-13 15:05:02","2026-01-13 15:05:02","019bb7be-fec4-7390-a7e1-63b1a0c1067f"
"019bb7e3-95ee-7126-9fbf-81e82a8e6870","019bb7e3-8c53-7013-9bea-0eb27f7450b4","2","019bb7be-fec4-7390-a7e1-63b1a0c1067f","clippers/54AUxeEgIu9z0IIXd7FzvHmJF4sS3k1HKjFTevoo.jpg","2026-01-13 15:05:04","2026-01-13 15:05:04","019bb7be-fec4-7390-a7e1-63b1a0c1067f"
"019bb7e3-9b6a-7123-a67d-70cc30d9ea96","019bb7e3-8c53-7013-9bea-0eb27f7450b4","3","019bb7be-fec4-7390-a7e1-63b1a0c1067f","clippers/GGEsXZ3iHYuMWZxw56GyHiD3fPSpd0I5OWYHVtzK.jpg","2026-01-13 15:05:05","2026-01-13 15:05:05","019bb7be-fec4-7390-a7e1-63b1a0c1067f"
"019bb7e3-a06d-73f7-9519-e9e3e38f9e4d","019bb7e3-8c53-7013-9bea-0eb27f7450b4","4","019bb7be-fec4-7390-a7e1-63b1a0c1067f","clippers/8YPetzvkI66pc4msMC4y4h6A3vClAOw1GZH8vdOV.jpg","2026-01-13 15:05:06","2026-01-13 15:05:06","019bb7be-fec4-7390-a7e1-63b1a0c1067f"
"019bb7e5-f965-73f3-9b76-3b9ff32f34f2","019bb7e5-f644-72a9-a4c5-9658da4d46eb","1","019bb7be-fec4-7390-a7e1-63b1a0c1067f","clippers/Qda6rWpjG49HgNE9BAgv3zgUOxpuZVombMEmvY2g.jpg","2026-01-13 15:07:40","2026-01-13 15:07:40","019bb7be-fec4-7390-a7e1-63b1a0c1067f"
"019bb7e5-fd1a-738a-98e0-bb92d4d35977","019bb7e5-f644-72a9-a4c5-9658da4d46eb","2","019bb7be-fec4-7390-a7e1-63b1a0c1067f","clippers/cuDL97yPlvcksd1Hi5a9QHSYPwxBZl9quu8jdryA.jpg","2026-01-13 15:07:41","2026-01-13 15:07:41","019bb7be-fec4-7390-a7e1-63b1a0c1067f"
"019bb7e6-00ea-72d6-83ee-81d60ec05d18","019bb7e5-f644-72a9-a4c5-9658da4d46eb","3","019bb7be-fec4-7390-a7e1-63b1a0c1067f","clippers/eEk95fAviVqLa9XR6Pf2LpjnwNl3Rgurvcd8dy6L.jpg","2026-01-13 15:07:42","2026-01-13 15:07:42","019bb7be-fec4-7390-a7e1-63b1a0c1067f"
"019bb7e6-0889-7371-be05-8d0daf36610c","019bb7e5-f644-72a9-a4c5-9658da4d46eb","4","019bb7be-fec4-7390-a7e1-63b1a0c1067f","clippers/DFc9c0Wt9WiCmeIDwT86e2yjqo9OU3xd8Vq2HajQ.jpg","2026-01-13 15:07:44","2026-01-13 15:07:44","019bb7be-fec4-7390-a7e1-63b1a0c1067f"
"019bb7e7-aaaa-72bd-a4ba-32b386fbffaf","019bb7e7-a713-709b-a25c-b513e523fbc6","1","019bb7be-fec4-7390-a7e1-63b1a0c1067f","clippers/M60S3mM43DxTg4X1GPvQEXhXR69LndbV7B38yhNr.jpg","2026-01-13 15:09:31","2026-01-13 15:09:31","019bb7be-fec4-7390-a7e1-63b1a0c1067f"
"019bb7e7-b043-7122-80aa-2f783a749b87","019bb7e7-a713-709b-a25c-b513e523fbc6","2","019bb7be-fec4-7390-a7e1-63b1a0c1067f","clippers/W1ZmFizj01TpfxJWVb1PatoFFmTmn7d3ZiRviyar.jpg","2026-01-13 15:09:33","2026-01-13 15:09:33","019bb7be-fec4-7390-a7e1-63b1a0c1067f"
"019bb7e7-b3e6-727f-ba21-72e4f48ac485","019bb7e7-a713-709b-a25c-b513e523fbc6","3","019bb7be-fec4-7390-a7e1-63b1a0c1067f","clippers/Xga70GnDWHGSsAtEfMihrMLKBwJWEtvXxbuBV3Id.jpg","2026-01-13 15:09:34","2026-01-13 15:09:34","019bb7be-fec4-7390-a7e1-63b1a0c1067f"
"019bb7e7-b75b-7198-a7b3-a74b590b9b6c","019bb7e7-a713-709b-a25c-b513e523fbc6","4","019bb7be-fec4-7390-a7e1-63b1a0c1067f","clippers/9aVXQbNgTDTRX5NVlLfusWLF0Wl5z71rwAuULZ4F.jpg","2026-01-13 15:09:34","2026-01-13 15:09:34","019bb7be-fec4-7390-a7e1-63b1a0c1067f"
"019bb7eb-038f-71d1-b41c-258a97333b51","019bb7ea-ffa8-7397-be28-ea90eb975a64","1","019bb7be-fec4-7390-a7e1-63b1a0c1067f","clippers/UVFMo5mCNN972PP15NUwuBW7dD0nDimNwUyFO2VP.jpg","2026-01-13 15:13:11","2026-01-13 15:13:11","019bb7be-fec4-7390-a7e1-63b1a0c1067f"
"019bb7eb-06db-7082-8c97-e5d254b6a110","019bb7ea-ffa8-7397-be28-ea90eb975a64","2","019bb7be-fec4-7390-a7e1-63b1a0c1067f","clippers/Uy9hIXGIrqPAIPHeOAY7mChyYneZJjQ3gQS8LSFb.jpg","2026-01-13 15:13:11","2026-01-13 15:13:11","019bb7be-fec4-7390-a7e1-63b1a0c1067f"
"019bb7eb-0d0d-7358-9b7d-b5ea53fbbca7","019bb7ea-ffa8-7397-be28-ea90eb975a64","3","019bb7be-fec4-7390-a7e1-63b1a0c1067f","clippers/Rhq0NNsY8fo3BbMIDKqYcIjLVFa1haEDZlrKo0mo.jpg","2026-01-13 15:13:13","2026-01-13 15:13:13","019bb7be-fec4-7390-a7e1-63b1a0c1067f"
"019bb7eb-1091-71fa-8591-276ca2859cd6","019bb7ea-ffa8-7397-be28-ea90eb975a64","4","019bb7be-fec4-7390-a7e1-63b1a0c1067f","clippers/2PCWVPioadaoEbadEr6J0uAZhTjd49iBXxSVHGIM.jpg","2026-01-13 15:13:14","2026-01-13 15:13:14","019bb7be-fec4-7390-a7e1-63b1a0c1067f"
"019bb7ef-5574-718c-a4bd-de61ef3b6980","019bb7ef-51b1-70d9-9926-d318b2140684","1","019bb7be-fec4-7390-a7e1-63b1a0c1067f","clippers/bM1kmeyZn6neUTueAXSJ9CKKZEz6QYKsF876Onp5.jpg","2026-01-13 15:17:54","2026-01-13 15:17:54","019bb7be-fec4-7390-a7e1-63b1a0c1067f"
"019bb7ef-59f8-7117-b613-adcf536dda52","019bb7ef-51b1-70d9-9926-d318b2140684","2","019bb7be-fec4-7390-a7e1-63b1a0c1067f","clippers/KW2tbbIc94mt6GfezhtHcSCgDvtDdDQiURQzilBT.jpg","2026-01-13 15:17:55","2026-01-13 15:17:55","019bb7be-fec4-7390-a7e1-63b1a0c1067f"
"019bb7ef-5e18-72f4-97f2-6deaafbbac0f","019bb7ef-51b1-70d9-9926-d318b2140684","3","019bb7be-fec4-7390-a7e1-63b1a0c1067f","clippers/VgjRb4jVg6FKZBe7t1FAyQ5yseIGRXo2Mlu85hu6.jpg","2026-01-13 15:17:56","2026-01-13 15:17:56","019bb7be-fec4-7390-a7e1-63b1a0c1067f"
"019bb7ef-6257-70bf-8726-89ae65cfec09","019bb7ef-51b1-70d9-9926-d318b2140684","4","019bb7be-fec4-7390-a7e1-63b1a0c1067f","clippers/VOm8W0og8heEpzLiQldwwdwNdI1gW30vPcJ7BCzI.jpg","2026-01-13 15:17:57","2026-01-13 15:17:57","019bb7be-fec4-7390-a7e1-63b1a0c1067f"
"019bb7f2-0bfb-72a9-b9a6-72940ceb16be","019bb7f2-06e2-70b2-95ba-70ec790d1fe1","1","019bb7be-fec4-7390-a7e1-63b1a0c1067f","clippers/qo1tok0xAVLfo95QXdenHhz059nPYYrzwIW0m11G.jpg","2026-01-13 15:20:51","2026-01-13 15:20:51","019bb7be-fec4-7390-a7e1-63b1a0c1067f"
"019bb7f2-10d7-710c-bb87-2e6068cd8666","019bb7f2-06e2-70b2-95ba-70ec790d1fe1","2","019bb7be-fec4-7390-a7e1-63b1a0c1067f","clippers/wEd6k39XVwiNaR60qUNvpq4RcUVeKJY2oE4J4eJa.jpg","2026-01-13 15:20:53","2026-01-13 15:20:53","019bb7be-fec4-7390-a7e1-63b1a0c1067f"
"019bb7f2-21b5-7087-9434-61efb3c193ef","019bb7f2-06e2-70b2-95ba-70ec790d1fe1","3","019bb7be-fec4-7390-a7e1-63b1a0c1067f","clippers/Msw04NKWMhN61tlrsJCfEk4Pe2s4IGyH6JvyBT5J.jpg","2026-01-13 15:20:57","2026-01-13 15:20:57","019bb7be-fec4-7390-a7e1-63b1a0c1067f"
"019bb7f2-297f-7257-b406-c158090ea1bc","019bb7f2-06e2-70b2-95ba-70ec790d1fe1","4","019bb7be-fec4-7390-a7e1-63b1a0c1067f","clippers/kxoI8juLzWpkEJSCFiHwjyBOmAGkjvkMGtfkJFtk.jpg","2026-01-13 15:20:59","2026-01-13 15:20:59","019bb7be-fec4-7390-a7e1-63b1a0c1067f"
"019bb7f3-842c-7034-9193-e12b1a2a5147","019bb7f3-8064-7322-96ed-925ca8395f25","1","019bb7be-fec4-7390-a7e1-63b1a0c1067f","clippers/Onw5D81Y7FvAWVqF7sDtmRJPo8kPF3KXMTH55uD6.jpg","2026-01-13 15:22:28","2026-01-13 15:22:28","019bb7be-fec4-7390-a7e1-63b1a0c1067f"
"019bb7f3-87f2-7312-b741-7a6c2e0fea9b","019bb7f3-8064-7322-96ed-925ca8395f25","2","019bb7be-fec4-7390-a7e1-63b1a0c1067f","clippers/nYHLnHJwI2zhd2biZS10fbcyKdof9yYqYKHwiTBR.jpg","2026-01-13 15:22:29","2026-01-13 15:22:29","019bb7be-fec4-7390-a7e1-63b1a0c1067f"
"019bb7f3-8bd6-7363-b671-6ab071f6e7d7","019bb7f3-8064-7322-96ed-925ca8395f25","3","019bb7be-fec4-7390-a7e1-63b1a0c1067f","clippers/ajtJsI2fELwuAmUGqCy9JNEkahRFlRj6tiHAjMES.jpg","2026-01-13 15:22:30","2026-01-13 15:22:30","019bb7be-fec4-7390-a7e1-63b1a0c1067f"
"019bb7f3-9131-7086-a993-69f142d2773e","019bb7f3-8064-7322-96ed-925ca8395f25","4","019bb7be-fec4-7390-a7e1-63b1a0c1067f","clippers/9nC5k0uxYsB5RkyUCg00JHwooV7ti7ydYLB2u7Ko.jpg","2026-01-13 15:22:31","2026-01-13 15:22:31","019bb7be-fec4-7390-a7e1-63b1a0c1067f"
"019bb7f5-3f69-71b1-b2af-96dc7dee2b5b","019bb7f5-3bca-72d5-8361-2d0411c06545","1","019bb7be-fec4-7390-a7e1-63b1a0c1067f","clippers/32mLCHMdhvK5yDN0828Zp6wY3LZSe1P8ewrzCtLg.jpg","2026-01-13 15:24:21","2026-01-13 15:24:21","019bb7be-fec4-7390-a7e1-63b1a0c1067f"
"019bb7f5-42eb-7385-9b29-fda158108d02","019bb7f5-3bca-72d5-8361-2d0411c06545","2","019bb7be-fec4-7390-a7e1-63b1a0c1067f","clippers/UnJ9kAiU1F6AIQAUkbEcnTr8FsfZjL7SxBRFStRf.jpg","2026-01-13 15:24:22","2026-01-13 15:24:22","019bb7be-fec4-7390-a7e1-63b1a0c1067f"
"019bb7f5-46c5-7091-8553-ed8dc5008c02","019bb7f5-3bca-72d5-8361-2d0411c06545","3","019bb7be-fec4-7390-a7e1-63b1a0c1067f","clippers/1hlq2xmDysSpKtW4yhXJKSzuMFgMSs6uNSHoNMTe.jpg","2026-01-13 15:24:23","2026-01-13 15:24:23","019bb7be-fec4-7390-a7e1-63b1a0c1067f"
"019bb7f5-49cb-71ed-8c48-907040366a23","019bb7f5-3bca-72d5-8361-2d0411c06545","4","019bb7be-fec4-7390-a7e1-63b1a0c1067f","clippers/xeWcH68BECSYV7eJjw5avsmhRRFO1KKFaFGTmBLz.jpg","2026-01-13 15:24:24","2026-01-13 15:24:24","019bb7be-fec4-7390-a7e1-63b1a0c1067f"
"019bb7f6-dd8b-7029-aef5-4d4257836ea0","019bb7f6-d9a2-7353-85e1-a0dfccbe4a64","1","019bb7be-fec4-7390-a7e1-63b1a0c1067f","clippers/04lp2o6wAmP2MW6vjludhOWicNdub789fgSqJc7o.jpg","2026-01-13 15:26:07","2026-01-13 15:26:07","019bb7be-fec4-7390-a7e1-63b1a0c1067f"
"019bb7f6-e396-715a-a7bc-dbab1ffd19b7","019bb7f6-d9a2-7353-85e1-a0dfccbe4a64","2","019bb7be-fec4-7390-a7e1-63b1a0c1067f","clippers/jLCr6UCeXWuCwdkgFqWpQqb190tQFhhNFgLZJYzy.jpg","2026-01-13 15:26:09","2026-01-13 15:26:09","019bb7be-fec4-7390-a7e1-63b1a0c1067f"
"019bb7f6-f4c9-73e4-84d1-b91bb45eeccd","019bb7f6-d9a2-7353-85e1-a0dfccbe4a64","3","019bb7be-fec4-7390-a7e1-63b1a0c1067f","clippers/1wXffj7h8EYJasJrqpZFmWuPZYnkamtqjKE8BKlZ.jpg","2026-01-13 15:26:13","2026-01-13 15:26:13","019bb7be-fec4-7390-a7e1-63b1a0c1067f"
"019bb7f6-f9c5-73cd-a359-4960f7ff06c8","019bb7f6-d9a2-7353-85e1-a0dfccbe4a64","4","019bb7be-fec4-7390-a7e1-63b1a0c1067f","clippers/IK7VhVq8qPc5U0AMZOa8IV8lqgM7jjo4WIjggJTy.jpg","2026-01-13 15:26:14","2026-01-13 15:26:14","019bb7be-fec4-7390-a7e1-63b1a0c1067f"
"019bb7fa-e4d8-719c-b337-51fbc4f12c30","019bb7fa-e169-73cb-9b9c-e6ff5c55f8fa","1","019bb7be-fec4-7390-a7e1-63b1a0c1067f","clippers/OAcuAREaDDtrVhr8VxqcKTIMuH9VfM6cGdM0WYif.jpg","2026-01-13 15:30:31","2026-01-13 15:30:31","019bb7be-fec4-7390-a7e1-63b1a0c1067f"
"019bb7fa-e9f2-70b0-bc1b-8ea6d91e6de0","019bb7fa-e169-73cb-9b9c-e6ff5c55f8fa","2","019bb7be-fec4-7390-a7e1-63b1a0c1067f","clippers/aLommljYtU7lNKGw2FDjrKK5NTXHq2tbMZyPYldd.jpg","2026-01-13 15:30:33","2026-01-13 15:30:33","019bb7be-fec4-7390-a7e1-63b1a0c1067f"
"019bb7fa-edc8-7195-86f8-76ead345e2a7","019bb7fa-e169-73cb-9b9c-e6ff5c55f8fa","3","019bb7be-fec4-7390-a7e1-63b1a0c1067f","clippers/VEyw4ejtITnyNJBp86niu3LjW8mUqeGIShEXbT9E.jpg","2026-01-13 15:30:34","2026-01-13 15:30:34","019bb7be-fec4-7390-a7e1-63b1a0c1067f"
"019bb7fa-f281-72a1-8481-606ccc2a8a7d","019bb7fa-e169-73cb-9b9c-e6ff5c55f8fa","4","019bb7be-fec4-7390-a7e1-63b1a0c1067f","clippers/3MP25F0L2MCABqKDV4AFopbzV1iXqT9Q9jpColar.jpg","2026-01-13 15:30:35","2026-01-13 15:30:35","019bb7be-fec4-7390-a7e1-63b1a0c1067f"
"019bb7ff-5767-7337-9a22-feffded2f8e8","019bb7ff-53bc-7191-a0b0-8eadc19d86a6","1","019bb7be-fec4-7390-a7e1-63b1a0c1067f","clippers/DFhx34AAJby8cPHkPZl6kkGcsBgrZj21pYwt3Elj.jpg","2026-01-13 15:35:23","2026-01-13 15:35:23","019bb7be-fec4-7390-a7e1-63b1a0c1067f"
"019bb7ff-62bc-71cb-8495-66bab17f0055","019bb7ff-53bc-7191-a0b0-8eadc19d86a6","2","019bb7be-fec4-7390-a7e1-63b1a0c1067f","clippers/rv9YjtxYYVWPsvr4LmsDqHTqtLyWDRthaMd6VhI2.jpg","2026-01-13 15:35:26","2026-01-13 15:35:26","019bb7be-fec4-7390-a7e1-63b1a0c1067f"
"019bb7ff-6b11-7314-8d18-6d755ca76910","019bb7ff-53bc-7191-a0b0-8eadc19d86a6","3","019bb7be-fec4-7390-a7e1-63b1a0c1067f","clippers/9cFTG3a1tQG3UfcYhW76XfrbcMLWhgUPi7acCSLq.jpg","2026-01-13 15:35:28","2026-01-13 15:35:28","019bb7be-fec4-7390-a7e1-63b1a0c1067f"
"019bb7ff-6ef3-7367-a4f4-47a30c3861d3","019bb7ff-53bc-7191-a0b0-8eadc19d86a6","4","019bb7be-fec4-7390-a7e1-63b1a0c1067f","clippers/7wdxTLd5rzUODwY2XfyH9Ijow3wmnHXNRxr82ojz.jpg","2026-01-13 15:35:29","2026-01-13 15:35:29","019bb7be-fec4-7390-a7e1-63b1a0c1067f"
"019bb801-87a4-72cb-ae23-0f190608444b","019bb801-8438-72e8-891b-1b2b05e0ccbe","1","019bb7be-fec4-7390-a7e1-63b1a0c1067f","clippers/wmaM0T01UHPrUBZIGInViBnZjNeROTqBtKuqQpwm.jpg","2026-01-13 15:37:46","2026-01-13 15:37:46","019bb7be-fec4-7390-a7e1-63b1a0c1067f"
"019bb801-8ae3-728a-ba8c-d9e757b47290","019bb801-8438-72e8-891b-1b2b05e0ccbe","2","019bb7be-fec4-7390-a7e1-63b1a0c1067f","clippers/O5CqHQO7iBxuxAHfzyD5YdBIDJ3Yrw6x7qk8Vfua.jpg","2026-01-13 15:37:47","2026-01-13 15:37:47","019bb7be-fec4-7390-a7e1-63b1a0c1067f"
"019bb801-8f69-70df-ac9b-74612478f669","019bb801-8438-72e8-891b-1b2b05e0ccbe","3","019bb7be-fec4-7390-a7e1-63b1a0c1067f","clippers/HUQL0nJAnLpiJCuJwNmh5TUGhTFDJTqPeizwsRYM.jpg","2026-01-13 15:37:48","2026-01-13 15:37:48","019bb7be-fec4-7390-a7e1-63b1a0c1067f"
"019bb801-93cd-70dd-88f3-725e139bfb85","019bb801-8438-72e8-891b-1b2b05e0ccbe","4","019bb7be-fec4-7390-a7e1-63b1a0c1067f","clippers/u5rUCe3CBAsCLETYvRfLhVEtZDS2RztGSDhFpwDU.jpg","2026-01-13 15:37:49","2026-01-13 15:37:49","019bb7be-fec4-7390-a7e1-63b1a0c1067f"
"019bb805-0233-7003-8d06-c4c61b8aa7d8","019bb804-febf-7313-8dcb-2e37f6837274","1","019bb7be-fec4-7390-a7e1-63b1a0c1067f","clippers/Db9wXnTfNayg49idPq7OwBzAzMVTjT5ApFn1YnFf.jpg","2026-01-13 15:41:34","2026-01-13 15:41:34","019bb7be-fec4-7390-a7e1-63b1a0c1067f"
"019bb805-0547-7301-91d6-4ded85f0c52d","019bb804-febf-7313-8dcb-2e37f6837274","2","019bb7be-fec4-7390-a7e1-63b1a0c1067f","clippers/3cejjGqu99ud5WSoBEd3ZLT2wCiwkH6SDC8vPDzy.jpg","2026-01-13 15:41:35","2026-01-13 15:41:35","019bb7be-fec4-7390-a7e1-63b1a0c1067f"
"019bb805-097b-72ca-80e8-73ec6d9919f5","019bb804-febf-7313-8dcb-2e37f6837274","3","019bb7be-fec4-7390-a7e1-63b1a0c1067f","clippers/aPIalKUEURRU0rt47NDgiDyS6DfciaknZ2W3sVSm.jpg","2026-01-13 15:41:36","2026-01-13 15:41:36","019bb7be-fec4-7390-a7e1-63b1a0c1067f"
"019bb805-0db7-72a5-84da-8e8d805883d1","019bb804-febf-7313-8dcb-2e37f6837274","4","019bb7be-fec4-7390-a7e1-63b1a0c1067f","clippers/YeO38IiUEMQaIW3EeaALNCapNSYqA3ARnXQPt1Sf.jpg","2026-01-13 15:41:37","2026-01-13 15:41:37","019bb7be-fec4-7390-a7e1-63b1a0c1067f"
"019bb807-484b-73e1-8d9e-edb058a04e9c","019bb807-44e5-7308-b79a-825ff0b174e6","1","019bb7be-fec4-7390-a7e1-63b1a0c1067f","clippers/EB6E1ExErYML7EkJQMJDxcMiPX80vrBJN8gSOgJe.jpg","2026-01-13 15:44:03","2026-01-13 15:44:03","019bb7be-fec4-7390-a7e1-63b1a0c1067f"
"019bb807-4dc6-7044-8f44-13a46d4437b8","019bb807-44e5-7308-b79a-825ff0b174e6","2","019bb7be-fec4-7390-a7e1-63b1a0c1067f","clippers/EIX1iEHNQ0otETluUYkmSmAWrbo7Px0lptJmjsjJ.jpg","2026-01-13 15:44:05","2026-01-13 15:44:05","019bb7be-fec4-7390-a7e1-63b1a0c1067f"
"019bb807-51fb-71a4-bdf4-cc6747eec728","019bb807-44e5-7308-b79a-825ff0b174e6","3","019bb7be-fec4-7390-a7e1-63b1a0c1067f","clippers/1sObXyp2QWpOmrHjtq3NyKjIsPoMjNOQrtKukeeF.jpg","2026-01-13 15:44:06","2026-01-13 15:44:06","019bb7be-fec4-7390-a7e1-63b1a0c1067f"
"019bb807-55b0-70c3-8cef-58b4adbfa032","019bb807-44e5-7308-b79a-825ff0b174e6","4","019bb7be-fec4-7390-a7e1-63b1a0c1067f","clippers/Ks09LZc4bT2lTfJgssCUQ8wJnuoSRGsepxeMLqK3.jpg","2026-01-13 15:44:07","2026-01-13 15:44:07","019bb7be-fec4-7390-a7e1-63b1a0c1067f"
"019bb809-bbb7-7090-8c6f-03b96f4e39fc","019bb809-b8b0-713f-866a-3e0bcb412e6c","1","019bb7be-fec4-7390-a7e1-63b1a0c1067f","clippers/ToUPPURmKzNuIPuxp5UVxwhCtifAzovtkwMBAtRq.jpg","2026-01-13 15:46:44","2026-01-13 15:46:44","019bb7be-fec4-7390-a7e1-63b1a0c1067f"
"019bb809-bf93-7134-9b11-e861393dfe08","019bb809-b8b0-713f-866a-3e0bcb412e6c","2","019bb7be-fec4-7390-a7e1-63b1a0c1067f","clippers/uYXVi3EZN6Rsfd5aGit8DzjaoH14rfEKnqD1ujVB.jpg","2026-01-13 15:46:45","2026-01-13 15:46:45","019bb7be-fec4-7390-a7e1-63b1a0c1067f"
"019bb809-c36a-731e-80f3-422192d76f8c","019bb809-b8b0-713f-866a-3e0bcb412e6c","3","019bb7be-fec4-7390-a7e1-63b1a0c1067f","clippers/fgeHAF0ENi86jsLdu8QshNhr0rMKcRBxlEPjjawj.jpg","2026-01-13 15:46:46","2026-01-13 15:46:46","019bb7be-fec4-7390-a7e1-63b1a0c1067f"
"019bb809-cc70-71fa-8a7d-ffa71e2fcfb8","019bb809-b8b0-713f-866a-3e0bcb412e6c","4","019bb7be-fec4-7390-a7e1-63b1a0c1067f","clippers/DMCbej0lrzDa7O8tk7TyAPKodlpVdwRPkpjyQAS8.jpg","2026-01-13 15:46:48","2026-01-13 15:46:48","019bb7be-fec4-7390-a7e1-63b1a0c1067f"
"019bb80c-affd-714f-9915-f056ff1461da","019bb80c-ac2b-725c-aa4b-64ea4328700c","1","019bb7be-fec4-7390-a7e1-63b1a0c1067f","clippers/JxC1eiC9ghiGM9jiZFs41XJDKOT1qOQcgTvFjd1P.jpg","2026-01-13 15:49:57","2026-01-13 15:49:57","019bb7be-fec4-7390-a7e1-63b1a0c1067f"
"019bb80c-b3dd-712f-a499-f4969f542f89","019bb80c-ac2b-725c-aa4b-64ea4328700c","2","019bb7be-fec4-7390-a7e1-63b1a0c1067f","clippers/nXj9UkQRf1kyZLFSxkGKll44eQi7O9LQ3dmzIeLZ.jpg","2026-01-13 15:49:58","2026-01-13 15:49:58","019bb7be-fec4-7390-a7e1-63b1a0c1067f"
"019bb80c-b785-73b5-a4c1-75cd03004ec0","019bb80c-ac2b-725c-aa4b-64ea4328700c","3","019bb7be-fec4-7390-a7e1-63b1a0c1067f","clippers/1T2iaYAatrRx5WLSTW5Bb76aL9uUqikpPaATzovm.jpg","2026-01-13 15:49:59","2026-01-13 15:49:59","019bb7be-fec4-7390-a7e1-63b1a0c1067f"
"019bb80c-bc5a-7062-a947-bd88c6698ff9","019bb80c-ac2b-725c-aa4b-64ea4328700c","4","019bb7be-fec4-7390-a7e1-63b1a0c1067f","clippers/nmRoLyWr5RguGqNFZI0EAcyAoYbdy9kKz6cSqo6k.jpg","2026-01-13 15:50:01","2026-01-13 15:50:01","019bb7be-fec4-7390-a7e1-63b1a0c1067f"
"019bb80e-4c9a-7364-a944-62c47e9e39da","019bb80e-485c-71f3-888d-1cc06c2580ab","1","019bb7be-fec4-7390-a7e1-63b1a0c1067f","clippers/PPAPmTiBYOCYechj7ihSKhMyJHSMfYc3ReMZkwNI.jpg","2026-01-13 15:51:43","2026-01-13 15:51:43","019bb7be-fec4-7390-a7e1-63b1a0c1067f"
"019bb80e-503a-7389-822c-7f591fb811d1","019bb80e-485c-71f3-888d-1cc06c2580ab","2","019bb7be-fec4-7390-a7e1-63b1a0c1067f","clippers/XzYViYza3P6j8ez9g9S7AUqxAOtox3oSKb5Ye5ac.jpg","2026-01-13 15:51:44","2026-01-13 15:51:44","019bb7be-fec4-7390-a7e1-63b1a0c1067f"
"019bb80e-531f-73f4-88b7-8a96daf60ef6","019bb80e-485c-71f3-888d-1cc06c2580ab","3","019bb7be-fec4-7390-a7e1-63b1a0c1067f","clippers/9pmG7AYgYQq0ViANwMMfUlPFtMEhUmtFJaTsNkjt.jpg","2026-01-13 15:51:45","2026-01-13 15:51:45","019bb7be-fec4-7390-a7e1-63b1a0c1067f"
"019bb80e-57fa-72cd-9aae-83b9cb55c22e","019bb80e-485c-71f3-888d-1cc06c2580ab","4","019bb7be-fec4-7390-a7e1-63b1a0c1067f","clippers/uNfppRWTy7CChrzQe0BhfUixxmwaV6m7oiM7T5Ml.jpg","2026-01-13 15:51:46","2026-01-13 15:51:46","019bb7be-fec4-7390-a7e1-63b1a0c1067f"
"019bb810-e439-70b0-b18e-093b2bc1ec36","019bb810-e0c8-708f-af2e-0a7ef15e535d","1","019bb7be-fec4-7390-a7e1-63b1a0c1067f","clippers/27sJSOF6XGKk4rrO3XZ2jlMLIF1BleADFMwAF8xo.jpg","2026-01-13 15:54:33","2026-01-13 15:54:33","019bb7be-fec4-7390-a7e1-63b1a0c1067f"
"019bb810-e9ff-7210-b0b2-53b9da385be0","019bb810-e0c8-708f-af2e-0a7ef15e535d","2","019bb7be-fec4-7390-a7e1-63b1a0c1067f","clippers/cMdYQPuIzy5xoM9U1JmZQ4nKL4lj4aNmVztgRjZD.jpg","2026-01-13 15:54:34","2026-01-13 15:54:34","019bb7be-fec4-7390-a7e1-63b1a0c1067f"
"019bb810-ed5b-703e-9457-1a2bcd290e61","019bb810-e0c8-708f-af2e-0a7ef15e535d","3","019bb7be-fec4-7390-a7e1-63b1a0c1067f","clippers/XwsGODdWyeCOF5zJvwjKezgV4xDD8OOn2uoOJRoX.jpg","2026-01-13 15:54:35","2026-01-13 15:54:35","019bb7be-fec4-7390-a7e1-63b1a0c1067f"
"019bb810-f1dd-7398-982a-98c5021a5b41","019bb810-e0c8-708f-af2e-0a7ef15e535d","4","019bb7be-fec4-7390-a7e1-63b1a0c1067f","clippers/oltGmnKWjnL53aMyzukG3pPNpyu3EejcTp2DxQEg.jpg","2026-01-13 15:54:36","2026-01-13 15:54:36","019bb7be-fec4-7390-a7e1-63b1a0c1067f"
"019bb812-1131-72b3-be9c-d15cbc60f12f","019bb812-0dec-7223-a207-b6a9c4c27eeb","1","019bb7be-fec4-7390-a7e1-63b1a0c1067f","clippers/iWKQrsGo6kdEAr550a0LRrXMpaWwuUa5duTXdlfk.jpg","2026-01-13 15:55:50","2026-01-13 15:55:50","019bb7be-fec4-7390-a7e1-63b1a0c1067f"
"019bb812-14e9-72ac-9a59-00be42601088","019bb812-0dec-7223-a207-b6a9c4c27eeb","2","019bb7be-fec4-7390-a7e1-63b1a0c1067f","clippers/QKUQjYH8jSAmqaV7nvXGHVAdX9P9c5MFrRrILTM4.jpg","2026-01-13 15:55:51","2026-01-13 15:55:51","019bb7be-fec4-7390-a7e1-63b1a0c1067f"
"019bb812-183e-7371-8f58-541f107de799","019bb812-0dec-7223-a207-b6a9c4c27eeb","3","019bb7be-fec4-7390-a7e1-63b1a0c1067f","clippers/LENZeLANmaGRPRv5ZBo6wWDY7bb9INlRBpyTE5wI.jpg","2026-01-13 15:55:52","2026-01-13 15:55:52","019bb7be-fec4-7390-a7e1-63b1a0c1067f"
"019bb812-1bb3-7209-914c-90c4c7728dbd","019bb812-0dec-7223-a207-b6a9c4c27eeb","4","019bb7be-fec4-7390-a7e1-63b1a0c1067f","clippers/cdScwGmokJFrYJXwy06xvd3MfrLsem3lpBWPZiL8.jpg","2026-01-13 15:55:53","2026-01-13 15:55:53","019bb7be-fec4-7390-a7e1-63b1a0c1067f"
"019bb818-eb00-729a-a499-46b690088e81","019bb818-e6d4-7027-9a52-6c58ac89990a","1","019bb7be-fec4-7390-a7e1-63b1a0c1067f","clippers/FQwSRVZO2C30XoF0q2VJhCGtsp2LAwNPcFr1suvw.jpg","2026-01-13 16:03:19","2026-01-13 16:03:19","019bb7be-fec4-7390-a7e1-63b1a0c1067f"
"019bb818-ee8a-70e7-b208-a7d557c50caf","019bb818-e6d4-7027-9a52-6c58ac89990a","2","019bb7be-fec4-7390-a7e1-63b1a0c1067f","clippers/ykXTAs41YSneVqZYsxB2aqD8gzWenhoyc9ZAgHNP.jpg","2026-01-13 16:03:20","2026-01-13 16:03:20","019bb7be-fec4-7390-a7e1-63b1a0c1067f"
"019bb818-f1d9-7088-89a1-c6bbad826618","019bb818-e6d4-7027-9a52-6c58ac89990a","3","019bb7be-fec4-7390-a7e1-63b1a0c1067f","clippers/CfIw0vCdS5MIRo7IB6LlXWkLBB8Hv7cDHsy77AFk.jpg","2026-01-13 16:03:21","2026-01-13 16:03:21","019bb7be-fec4-7390-a7e1-63b1a0c1067f"
"019bb818-f5d4-7161-bdc0-5215580a0063","019bb818-e6d4-7027-9a52-6c58ac89990a","4","019bb7be-fec4-7390-a7e1-63b1a0c1067f","clippers/F7ChCu8yJupIEnwWae4z5guAhMDXzvAYs1CVNsqz.jpg","2026-01-13 16:03:22","2026-01-13 16:03:22","019bb7be-fec4-7390-a7e1-63b1a0c1067f"
"019bb81b-01f8-7163-8ad9-b4e0a22a70ad","019bb81a-fe39-70fa-941b-304865797cfa","1","019bb7be-fec4-7390-a7e1-63b1a0c1067f","clippers/wjhndKIfEldl9fBAvDvacN7GYwMddOyqtOOfaWUZ.jpg","2026-01-13 16:05:36","2026-01-13 16:05:36","019bb7be-fec4-7390-a7e1-63b1a0c1067f"
"019bb81b-056f-7331-aa3c-93a7d23895ac","019bb81a-fe39-70fa-941b-304865797cfa","2","019bb7be-fec4-7390-a7e1-63b1a0c1067f","clippers/8OxnxgJ6F5OgDEPzaqsmeT3UDXN3fCwvN0DHe41c.jpg","2026-01-13 16:05:37","2026-01-13 16:05:37","019bb7be-fec4-7390-a7e1-63b1a0c1067f"
"019bb81b-0837-72b4-9a68-70e968d0a25f","019bb81a-fe39-70fa-941b-304865797cfa","3","019bb7be-fec4-7390-a7e1-63b1a0c1067f","clippers/Bw4oeX78VSy6QupqulJqN578MOsuT6laEK8W5WPp.jpg","2026-01-13 16:05:37","2026-01-13 16:05:37","019bb7be-fec4-7390-a7e1-63b1a0c1067f"
"019bb81b-0ae4-70ea-b114-dfcfa9626728","019bb81a-fe39-70fa-941b-304865797cfa","4","019bb7be-fec4-7390-a7e1-63b1a0c1067f","clippers/ms5KhX6JvtjlTYKGTyr5E2bGfou2wD7qhM1YbJK6.jpg","2026-01-13 16:05:38","2026-01-13 16:05:38","019bb7be-fec4-7390-a7e1-63b1a0c1067f"
"019bb8c2-e70f-72cd-9e4e-55e6cc3c4ea8","019bb8c2-e3f5-7046-9904-d07202e1799c","1","019bb7be-fec4-7390-a7e1-63b1a0c1067f","clippers/LXgyNFcKuNHLgWElTSkHYwlaAp6tXQYlgrZx7fio.jpg","2026-01-13 19:08:59","2026-01-13 19:08:59","019bb7be-fec4-7390-a7e1-63b1a0c1067f"
"019bb8c2-ea3d-72fd-b6d7-48cfda462e4a","019bb8c2-e3f5-7046-9904-d07202e1799c","2","019bb7be-fec4-7390-a7e1-63b1a0c1067f","clippers/I1SAXAbtC8mopMiLv03yJx9LfJiRLiddVriyMkdc.jpg","2026-01-13 19:09:00","2026-01-13 19:09:00","019bb7be-fec4-7390-a7e1-63b1a0c1067f"
"019bb8c2-ed7b-710c-80d3-33fc1e28e44f","019bb8c2-e3f5-7046-9904-d07202e1799c","3","019bb7be-fec4-7390-a7e1-63b1a0c1067f","clippers/1a6CPOKn32gkSuZK8SodLyV4Gdj6X9CnSeswzSru.jpg","2026-01-13 19:09:01","2026-01-13 19:09:01","019bb7be-fec4-7390-a7e1-63b1a0c1067f"
"019bb8c2-f21f-7039-bf95-ab2f4480d2d1","019bb8c2-e3f5-7046-9904-d07202e1799c","4","019bb7be-fec4-7390-a7e1-63b1a0c1067f","clippers/3HYREVIq7um2UXITyu2BpTlapJtGFTFtoxOTKVAH.jpg","2026-01-13 19:09:02","2026-01-13 19:09:02","019bb7be-fec4-7390-a7e1-63b1a0c1067f"
"019bb8c3-c719-710f-a3fe-0e23ee9d7b3c","019bb8c3-c32e-737a-918a-2e7fc85283ab","1","019bb7be-fec4-7390-a7e1-63b1a0c1067f","clippers/ZulKAyA2zhmEnCgTp07U91FkZ0g1fSaXBOGhiWh6.jpg","2026-01-13 19:09:56","2026-01-13 19:09:56","019bb7be-fec4-7390-a7e1-63b1a0c1067f"
"019bb8c3-ca99-72c3-9395-7db8a0483bea","019bb8c3-c32e-737a-918a-2e7fc85283ab","2","019bb7be-fec4-7390-a7e1-63b1a0c1067f","clippers/7oGxMZw1nznMmv4ZqQeNo9eJHz9uwKmSX6kQqOxz.jpg","2026-01-13 19:09:57","2026-01-13 19:09:57","019bb7be-fec4-7390-a7e1-63b1a0c1067f"
"019bb8c3-ce32-702e-aa77-8fe0f83220eb","019bb8c3-c32e-737a-918a-2e7fc85283ab","3","019bb7be-fec4-7390-a7e1-63b1a0c1067f","clippers/iYUsFMKU2EoHOPkwD0ve2UpkbqQ1PksKIkKppO4N.jpg","2026-01-13 19:09:58","2026-01-13 19:09:58","019bb7be-fec4-7390-a7e1-63b1a0c1067f"
"019bb8c3-d1a7-705f-ba76-fb31f3c71018","019bb8c3-c32e-737a-918a-2e7fc85283ab","4","019bb7be-fec4-7390-a7e1-63b1a0c1067f","clippers/7ToHuiy4Ao5UvchUsJA0aniRM5FSydDRriXwYGos.jpg","2026-01-13 19:09:59","2026-01-13 19:09:59","019bb7be-fec4-7390-a7e1-63b1a0c1067f"
"019bb8c5-0502-70b7-8d7f-1e7a0415635e","019bb8c5-0178-704d-86e4-6e88b7f4da90","1","019bb7be-fec4-7390-a7e1-63b1a0c1067f","clippers/GQig1rOT7rD5ozhOA6TH4nx1F7iAVzGCm7Lo11nc.jpg","2026-01-13 19:11:18","2026-01-13 19:11:18","019bb7be-fec4-7390-a7e1-63b1a0c1067f"
"019bb8c5-087b-7300-880e-4abd978af1a5","019bb8c5-0178-704d-86e4-6e88b7f4da90","2","019bb7be-fec4-7390-a7e1-63b1a0c1067f","clippers/H4TMMEkhmFd92R59cHcLx3ZnwmIidjwXjv84LFzn.jpg","2026-01-13 19:11:19","2026-01-13 19:11:19","019bb7be-fec4-7390-a7e1-63b1a0c1067f"
"019bb8c5-0c48-705f-a240-06f0588a9b9a","019bb8c5-0178-704d-86e4-6e88b7f4da90","3","019bb7be-fec4-7390-a7e1-63b1a0c1067f","clippers/yw1Y68GpZFzwXLLEmQMaOGjjf0EyaIVPYEisLE0P.jpg","2026-01-13 19:11:20","2026-01-13 19:11:20","019bb7be-fec4-7390-a7e1-63b1a0c1067f"
"019bb8c5-0fc2-7006-b320-c8ec6338e89a","019bb8c5-0178-704d-86e4-6e88b7f4da90","4","019bb7be-fec4-7390-a7e1-63b1a0c1067f","clippers/AxQ3SOcZ8xCAwbURYVEwSc3nAR2cx0zbCrmSm66u.jpg","2026-01-13 19:11:21","2026-01-13 19:11:21","019bb7be-fec4-7390-a7e1-63b1a0c1067f"
"019bb8c6-8032-723c-8c40-b06a3b47e569","019bb8c6-7be5-705e-a1dc-ba950015e443","1","019bb7be-fec4-7390-a7e1-63b1a0c1067f","clippers/OQn66UGbNhLSkMCsBmGMXHD3B49SysB0TIh5eztM.jpg","2026-01-13 19:12:55","2026-01-13 19:12:55","019bb7be-fec4-7390-a7e1-63b1a0c1067f"
"019bb8c6-846d-717d-a18d-558bac31f9bc","019bb8c6-7be5-705e-a1dc-ba950015e443","2","019bb7be-fec4-7390-a7e1-63b1a0c1067f","clippers/nWO6BP5PIj705BWDQxmRmX9rvXiD80nkNjSNBbn8.jpg","2026-01-13 19:12:56","2026-01-13 19:12:56","019bb7be-fec4-7390-a7e1-63b1a0c1067f"
"019bb8c6-883a-738e-9857-890faba502c2","019bb8c6-7be5-705e-a1dc-ba950015e443","3","019bb7be-fec4-7390-a7e1-63b1a0c1067f","clippers/lRnFWkuQLOQPgzh81LZVU1xZSK8Vq29yIykJazV8.jpg","2026-01-13 19:12:57","2026-01-13 19:12:57","019bb7be-fec4-7390-a7e1-63b1a0c1067f"
"019bb8c6-8d08-7077-bb27-71b852a88075","019bb8c6-7be5-705e-a1dc-ba950015e443","4","019bb7be-fec4-7390-a7e1-63b1a0c1067f","clippers/p3xksMIO28YZdZfkwZpPccQwqtrekjhwa8GPxwb8.jpg","2026-01-13 19:12:58","2026-01-13 19:12:58","019bb7be-fec4-7390-a7e1-63b1a0c1067f"
"019bb8c9-096d-7028-b45b-53d664397278","019bb8c9-05cf-733b-8d19-ac96ab9c4d60","1","019bb7be-fec4-7390-a7e1-63b1a0c1067f","clippers/tATmt4D9ImRO1lV2o69LonXtWv1XQ60h4GxxoUBg.jpg","2026-01-13 19:15:41","2026-01-13 19:15:41","019bb7be-fec4-7390-a7e1-63b1a0c1067f"
"019bb8c9-0d26-72cd-8cae-7d99609c0410","019bb8c9-05cf-733b-8d19-ac96ab9c4d60","2","019bb7be-fec4-7390-a7e1-63b1a0c1067f","clippers/qusi6N0UwXJwPMH5dP1oVj4zBFNe3cuRcoRW2g8b.jpg","2026-01-13 19:15:42","2026-01-13 19:15:42","019bb7be-fec4-7390-a7e1-63b1a0c1067f"
"019bb8c9-10f3-7044-a7c8-868c8766f067","019bb8c9-05cf-733b-8d19-ac96ab9c4d60","3","019bb7be-fec4-7390-a7e1-63b1a0c1067f","clippers/7VHcDBLu2fdINzV1YR68EmiHC1auROSjfdaHIQiQ.jpg","2026-01-13 19:15:43","2026-01-13 19:15:43","019bb7be-fec4-7390-a7e1-63b1a0c1067f"
"019bb8c9-14a9-708b-872f-85fc8c2b9b11","019bb8c9-05cf-733b-8d19-ac96ab9c4d60","4","019bb7be-fec4-7390-a7e1-63b1a0c1067f","clippers/G3r2K2TknwQ16Zdo1KueaYakpy706kuEkgkPyzlK.jpg","2026-01-13 19:15:44","2026-01-13 19:15:44","019bb7be-fec4-7390-a7e1-63b1a0c1067f"
"019bb8c9-f621-704b-b02f-27bc531ea805","019bb8c9-f2b5-71d5-be5d-239f32630222","1","019bb7be-fec4-7390-a7e1-63b1a0c1067f","clippers/aQOeOCTt8h8bR94pMHmId4xn36A98u6c9mdrSvpz.jpg","2026-01-13 19:16:42","2026-01-13 19:16:42","019bb7be-fec4-7390-a7e1-63b1a0c1067f"
"019bb8c9-fb74-73c2-bb88-af4572f32efd","019bb8c9-f2b5-71d5-be5d-239f32630222","2","019bb7be-fec4-7390-a7e1-63b1a0c1067f","clippers/USRu0vyvXrbsWWiGhL5E0FWlKme1XcHmZ9u6cFv8.jpg","2026-01-13 19:16:43","2026-01-13 19:16:43","019bb7be-fec4-7390-a7e1-63b1a0c1067f"
"019bb8ca-007e-7037-84c2-1edcbef8fe77","019bb8c9-f2b5-71d5-be5d-239f32630222","3","019bb7be-fec4-7390-a7e1-63b1a0c1067f","clippers/EWbwrU4TLMKGiFuydP4r5qzTgKrnP40aHZJD0Uvm.jpg","2026-01-13 19:16:44","2026-01-13 19:16:44","019bb7be-fec4-7390-a7e1-63b1a0c1067f"
"019bb8ca-0530-73fe-b268-bb6bc4e3b5a5","019bb8c9-f2b5-71d5-be5d-239f32630222","4","019bb7be-fec4-7390-a7e1-63b1a0c1067f","clippers/rcwMx5Iqb4mu6cX0fIYZfWuv97tp9Kzx0tBoXycG.jpg","2026-01-13 19:16:46","2026-01-13 19:16:46","019bb7be-fec4-7390-a7e1-63b1a0c1067f"
"019bb8ca-d6d5-73d3-b7ff-3e3bc4884167","019bb8ca-d33b-704b-b622-d5e2e09db1d0","1","019bb7be-fec4-7390-a7e1-63b1a0c1067f","clippers/XXXUG6UKquovHsJmzgCLcQP8ho0OiJC6D9LuV1RX.jpg","2026-01-13 19:17:39","2026-01-13 19:17:39","019bb7be-fec4-7390-a7e1-63b1a0c1067f"
"019bb8ca-da1c-7254-8da9-a48b446e24fc","019bb8ca-d33b-704b-b622-d5e2e09db1d0","2","019bb7be-fec4-7390-a7e1-63b1a0c1067f","clippers/OfqrZab6R11JSHPT5CGC5IjK7LCwRlarl9EUdmqx.jpg","2026-01-13 19:17:40","2026-01-13 19:17:40","019bb7be-fec4-7390-a7e1-63b1a0c1067f"
"019bb8ca-dd74-73ff-91b5-dcda3c72fd5d","019bb8ca-d33b-704b-b622-d5e2e09db1d0","3","019bb7be-fec4-7390-a7e1-63b1a0c1067f","clippers/R2q14ziP0c4akXAobkay0h75x5n6CzX1ICPTA5Kz.jpg","2026-01-13 19:17:41","2026-01-13 19:17:41","019bb7be-fec4-7390-a7e1-63b1a0c1067f"
"019bb8ca-e185-736d-9fe4-4d27215f4337","019bb8ca-d33b-704b-b622-d5e2e09db1d0","4","019bb7be-fec4-7390-a7e1-63b1a0c1067f","clippers/G1yLumPsDiC3cNJFLwBpTvXHOEo97AgDtKEWafZy.jpg","2026-01-13 19:17:42","2026-01-13 19:17:42","019bb7be-fec4-7390-a7e1-63b1a0c1067f"
"019bb8cb-acaf-71ac-b1c0-87b0b712803d","019bb8cb-a86f-71b8-ba81-c0ca63c7b90e","1","019bb7be-fec4-7390-a7e1-63b1a0c1067f","clippers/c0su8TqIyVya2jbnFoqpgcC5WDPPn9Wzvpe232mM.jpg","2026-01-13 19:18:34","2026-01-13 19:18:34","019bb7be-fec4-7390-a7e1-63b1a0c1067f"
"019bb8cb-b0f0-71b4-a57f-dcaef157a147","019bb8cb-a86f-71b8-ba81-c0ca63c7b90e","2","019bb7be-fec4-7390-a7e1-63b1a0c1067f","clippers/2mv2itWZzAYgZ6GCXg9zKRafT7OpiRv8etIF0bLI.jpg","2026-01-13 19:18:35","2026-01-13 19:18:35","019bb7be-fec4-7390-a7e1-63b1a0c1067f"
"019bb8cb-b4ae-73a9-ae1d-099b5cf81390","019bb8cb-a86f-71b8-ba81-c0ca63c7b90e","3","019bb7be-fec4-7390-a7e1-63b1a0c1067f","clippers/MpA1TpDXHCbWAMOmnYZsCna76CVgdgvhVlEGjOsJ.jpg","2026-01-13 19:18:36","2026-01-13 19:18:36","019bb7be-fec4-7390-a7e1-63b1a0c1067f"
"019bb8cc-9dfe-72da-a733-757228a5db46","019bb8cc-99ae-7295-9197-e709738bda92","1","019bb7be-fec4-7390-a7e1-63b1a0c1067f","clippers/3q4GRuBtNXo9xUD80H4EAA1jdp0FwBU5NBZaQfFZ.jpg","2026-01-13 19:19:36","2026-01-13 19:19:36","019bb7be-fec4-7390-a7e1-63b1a0c1067f"
"019bb8cc-a1ed-7265-b965-94fa41690b7f","019bb8cc-99ae-7295-9197-e709738bda92","2","019bb7be-fec4-7390-a7e1-63b1a0c1067f","clippers/xiCc3zpbhLsSi39X7ZF6R5eXVonFOa8ABnN4V10Y.jpg","2026-01-13 19:19:37","2026-01-13 19:19:37","019bb7be-fec4-7390-a7e1-63b1a0c1067f"
"019bb8cc-a69c-7247-bb6b-495b3bec9f0f","019bb8cc-99ae-7295-9197-e709738bda92","3","019bb7be-fec4-7390-a7e1-63b1a0c1067f","clippers/AtWG4LCTcFJv17mbBj5tTVpDNpJ1XkUs9ljiGudI.jpg","2026-01-13 19:19:38","2026-01-13 19:19:38","019bb7be-fec4-7390-a7e1-63b1a0c1067f"
"019bb8cc-aa55-70c5-9655-3401485f1230","019bb8cc-99ae-7295-9197-e709738bda92","4","019bb7be-fec4-7390-a7e1-63b1a0c1067f","clippers/mjaJ5foRFoHWaawU83mapvzAitWtb9NSsEwJYAG1.jpg","2026-01-13 19:19:39","2026-01-13 19:19:39","019bb7be-fec4-7390-a7e1-63b1a0c1067f"
"019bb8cd-a15f-719c-b62a-f6e69ef1d67a","019bb8cd-9d44-70bc-8886-40f66d143f80","1","019bb7be-fec4-7390-a7e1-63b1a0c1067f","clippers/pTsUrgShDGuDLS2I6VVOX0VqlTPkFswRX6vsC9vC.jpg","2026-01-13 19:20:42","2026-01-13 19:20:42","019bb7be-fec4-7390-a7e1-63b1a0c1067f"
"019bb8cd-a4d4-708f-a295-91acdbff58f8","019bb8cd-9d44-70bc-8886-40f66d143f80","2","019bb7be-fec4-7390-a7e1-63b1a0c1067f","clippers/bI9ZFIPYnFb44nQ9JQVeEdQj6wQ4ec86IhGLGciB.jpg","2026-01-13 19:20:43","2026-01-13 19:20:43","019bb7be-fec4-7390-a7e1-63b1a0c1067f"
"019bb8cd-a83e-70ed-8218-62e4d7c09fe0","019bb8cd-9d44-70bc-8886-40f66d143f80","3","019bb7be-fec4-7390-a7e1-63b1a0c1067f","clippers/9INzenPfCAynzadT8PfUyzSB6aEuiItphoRQW3t6.jpg","2026-01-13 19:20:44","2026-01-13 19:20:44","019bb7be-fec4-7390-a7e1-63b1a0c1067f"
"019bb8cd-ad21-7224-944b-f7c2e792b964","019bb8cd-9d44-70bc-8886-40f66d143f80","4","019bb7be-fec4-7390-a7e1-63b1a0c1067f","clippers/DjRWpARjGopLiIISg8uYeaAZU6acA7LOcpzkLaHP.jpg","2026-01-13 19:20:45","2026-01-13 19:20:45","019bb7be-fec4-7390-a7e1-63b1a0c1067f"
"019bb8ce-7082-72d5-af5b-8d2897d8397b","019bb8ce-6c94-70a1-a9ba-e3be0a20fe50","1","019bb7be-fec4-7390-a7e1-63b1a0c1067f","clippers/PySKxsNIBhKLxjXLpENaFa1MK0TDaKvMa3VvGL2h.jpg","2026-01-13 19:21:35","2026-01-13 19:21:35","019bb7be-fec4-7390-a7e1-63b1a0c1067f"
"019bb8ce-7426-7103-807a-ab71881b4867","019bb8ce-6c94-70a1-a9ba-e3be0a20fe50","2","019bb7be-fec4-7390-a7e1-63b1a0c1067f","clippers/2Hs6JbyujgYyakE7w9Ju00FV7AxE9znxyGhqlkOE.jpg","2026-01-13 19:21:36","2026-01-13 19:21:36","019bb7be-fec4-7390-a7e1-63b1a0c1067f"
"019bb8ce-78cc-73ae-bf62-50dcfc69688d","019bb8ce-6c94-70a1-a9ba-e3be0a20fe50","3","019bb7be-fec4-7390-a7e1-63b1a0c1067f","clippers/TMhmZM9UoyyIN5u1YNbtkru2UimotvkuwLMVAVRf.jpg","2026-01-13 19:21:37","2026-01-13 19:21:37","019bb7be-fec4-7390-a7e1-63b1a0c1067f"
"019bb8ce-7dcf-7345-80ae-d9910aee73c8","019bb8ce-6c94-70a1-a9ba-e3be0a20fe50","4","019bb7be-fec4-7390-a7e1-63b1a0c1067f","clippers/D0nk5TvVSg3k2c0odJqb7bwLqyQhUsnWB2OSwmbJ.jpg","2026-01-13 19:21:39","2026-01-13 19:21:39","019bb7be-fec4-7390-a7e1-63b1a0c1067f"
"019bb8cf-6830-7011-b003-8a78231012f6","019bb8cf-63f4-70ea-90aa-fa8b19ba87f7","1","019bb7be-fec4-7390-a7e1-63b1a0c1067f","clippers/nhWZt2gaxniurLZ95KNzmmrKiSrvRbKCXagg8cHd.jpg","2026-01-13 19:22:39","2026-01-13 19:22:39","019bb7be-fec4-7390-a7e1-63b1a0c1067f"
"019bb8cf-6c32-707a-993a-e09a88d2a217","019bb8cf-63f4-70ea-90aa-fa8b19ba87f7","2","019bb7be-fec4-7390-a7e1-63b1a0c1067f","clippers/FBrYZIlSUxrORGOlzJu5WopxzBKxGvhVeRsJDfeN.jpg","2026-01-13 19:22:40","2026-01-13 19:22:40","019bb7be-fec4-7390-a7e1-63b1a0c1067f"
"019bb8cf-70a1-72fe-993a-3582e2f4d158","019bb8cf-63f4-70ea-90aa-fa8b19ba87f7","3","019bb7be-fec4-7390-a7e1-63b1a0c1067f","clippers/NhUI0VhgSLvFbOdY7wsELogRjOJMeZhqa67Y3on8.jpg","2026-01-13 19:22:41","2026-01-13 19:22:41","019bb7be-fec4-7390-a7e1-63b1a0c1067f"
"019bb8cf-7430-7304-8d72-a00dc8dbfd34","019bb8cf-63f4-70ea-90aa-fa8b19ba87f7","4","019bb7be-fec4-7390-a7e1-63b1a0c1067f","clippers/QJVa1dbmpI41XlDibEA0hm78bPzGHuwgSfMvAVMk.jpg","2026-01-13 19:22:42","2026-01-13 19:22:42","019bb7be-fec4-7390-a7e1-63b1a0c1067f"
"019bb8d0-a2c4-731b-8c52-c3242dc592c3","019bb8d0-9f7a-7334-95cf-7b38749bf958","1","019bb7be-fec4-7390-a7e1-63b1a0c1067f","clippers/cRRQn8s7ENFjITE2tqz7UcjeJOw9S0iP4HRny71Q.jpg","2026-01-13 19:23:59","2026-01-13 19:23:59","019bb7be-fec4-7390-a7e1-63b1a0c1067f"
"019bb8d0-a723-71b0-919e-eb90ac965bb0","019bb8d0-9f7a-7334-95cf-7b38749bf958","2","019bb7be-fec4-7390-a7e1-63b1a0c1067f","clippers/jFKW8PcgC8WyH3wr1yVmuB9Pk5cF1FFp86TokEIW.jpg","2026-01-13 19:24:00","2026-01-13 19:24:00","019bb7be-fec4-7390-a7e1-63b1a0c1067f"
"019bb8d0-aaed-7145-9c25-e293d7d5a11f","019bb8d0-9f7a-7334-95cf-7b38749bf958","3","019bb7be-fec4-7390-a7e1-63b1a0c1067f","clippers/3v4unKBoPHA73DA2x2KknwIzjCtrPL1yEQLpPijQ.jpg","2026-01-13 19:24:01","2026-01-13 19:24:01","019bb7be-fec4-7390-a7e1-63b1a0c1067f"
"019bb8d0-adfb-70b0-8731-e9b397a4bd41","019bb8d0-9f7a-7334-95cf-7b38749bf958","4","019bb7be-fec4-7390-a7e1-63b1a0c1067f","clippers/QYblU8RcCmAQUwwtMOFu9aptkFUi0v8BDHcfep0Z.jpg","2026-01-13 19:24:02","2026-01-13 19:24:02","019bb7be-fec4-7390-a7e1-63b1a0c1067f"
"019bb8d1-9cef-72e2-9b4d-6f6b17b1ba8e","019bb8d1-98d5-72bb-8a72-33275c306a86","1","019bb7be-fec4-7390-a7e1-63b1a0c1067f","clippers/B1AoUQfEqhDKy3gH84PDYI2M1uVIypbjcfyGCOAH.jpg","2026-01-13 19:25:03","2026-01-13 19:25:03","019bb7be-fec4-7390-a7e1-63b1a0c1067f"
"019bb8d1-a275-7280-9d4b-1713ac9d23d6","019bb8d1-98d5-72bb-8a72-33275c306a86","2","019bb7be-fec4-7390-a7e1-63b1a0c1067f","clippers/rUuJgV5RILf7KoMhS9F21TpZbhJ1HMTLiVLyXsux.jpg","2026-01-13 19:25:05","2026-01-13 19:25:05","019bb7be-fec4-7390-a7e1-63b1a0c1067f"
"019bb8d1-a599-71e7-a318-a573855a9821","019bb8d1-98d5-72bb-8a72-33275c306a86","3","019bb7be-fec4-7390-a7e1-63b1a0c1067f","clippers/9REKRVdIHumFzKIXbtdLcWUhGdun5MpgTkHto95u.jpg","2026-01-13 19:25:05","2026-01-13 19:25:05","019bb7be-fec4-7390-a7e1-63b1a0c1067f"
"019bb8d1-a96f-7282-b62b-8e1264652b7d","019bb8d1-98d5-72bb-8a72-33275c306a86","4","019bb7be-fec4-7390-a7e1-63b1a0c1067f","clippers/seKAy4jYpky58f69w23feiQeFKOKCaSg9lKZkVzg.jpg","2026-01-13 19:25:06","2026-01-13 19:25:06","019bb7be-fec4-7390-a7e1-63b1a0c1067f"
"019bb8d2-a235-7176-b109-e3b7c4702e97","019bb8d2-9e31-71fa-9641-08335f6029dc","1","019bb7be-fec4-7390-a7e1-63b1a0c1067f","clippers/cJV8DD2xiw8FjeSq4T7bDx7PxcGtHeQzrutn5Hug.jpg","2026-01-13 19:26:10","2026-01-13 19:26:10","019bb7be-fec4-7390-a7e1-63b1a0c1067f"
"019bb8d2-a6bd-70d9-b3f8-4a36f0f81d56","019bb8d2-9e31-71fa-9641-08335f6029dc","2","019bb7be-fec4-7390-a7e1-63b1a0c1067f","clippers/lAKC0IVH70JgOQwvE3UOfqi4lH46nRfiPNnYv9zY.jpg","2026-01-13 19:26:11","2026-01-13 19:26:11","019bb7be-fec4-7390-a7e1-63b1a0c1067f"
"019bb8d2-aace-72f3-9b58-31d614448a85","019bb8d2-9e31-71fa-9641-08335f6029dc","3","019bb7be-fec4-7390-a7e1-63b1a0c1067f","clippers/9nI6eNjBT5otfQ8IPeGGR8lhp3ciKgIlZ5w4CvdW.jpg","2026-01-13 19:26:12","2026-01-13 19:26:12","019bb7be-fec4-7390-a7e1-63b1a0c1067f"
"019bb8d2-aebb-718f-9c1c-7e08bd9dd938","019bb8d2-9e31-71fa-9641-08335f6029dc","4","019bb7be-fec4-7390-a7e1-63b1a0c1067f","clippers/wJXeCMTZYvQIFhYKlruGTAzNURx0Ya3eW4Gyv3GG.jpg","2026-01-13 19:26:13","2026-01-13 19:26:13","019bb7be-fec4-7390-a7e1-63b1a0c1067f"
"019bb8d4-3c29-72db-aa3d-73a3a197894c","019bb8d4-3861-737f-aa98-40b1968edf4c","1","019bb7be-fec4-7390-a7e1-63b1a0c1067f","clippers/Z8XDruCvEWn3oWPCvkMhJfmXoecdK5dfQumfNpt5.jpg","2026-01-13 19:27:55","2026-01-13 19:27:55","019bb7be-fec4-7390-a7e1-63b1a0c1067f"
"019bb8d4-4031-7279-8258-29b8e59eb245","019bb8d4-3861-737f-aa98-40b1968edf4c","2","019bb7be-fec4-7390-a7e1-63b1a0c1067f","clippers/zYVcZKz86RHxNTriaLmz06IPFCO0UqXuoYf31Kpu.jpg","2026-01-13 19:27:56","2026-01-13 19:27:56","019bb7be-fec4-7390-a7e1-63b1a0c1067f"
"019bb8d4-440f-7045-be5e-1a414b2ebffb","019bb8d4-3861-737f-aa98-40b1968edf4c","3","019bb7be-fec4-7390-a7e1-63b1a0c1067f","clippers/tfhvI190BkvEnoUlA5lbWfWSgK7i8kth9r6r9Xdd.jpg","2026-01-13 19:27:57","2026-01-13 19:27:57","019bb7be-fec4-7390-a7e1-63b1a0c1067f"
"019bb8d4-495c-71d2-9a1c-2b3fd1c00028","019bb8d4-3861-737f-aa98-40b1968edf4c","4","019bb7be-fec4-7390-a7e1-63b1a0c1067f","clippers/1sial6jT9xJwkaG1RjkTP8UJiDJBRwdsJOUXoUMq.jpg","2026-01-13 19:27:58","2026-01-13 19:27:58","019bb7be-fec4-7390-a7e1-63b1a0c1067f"
"019bb8d5-017e-72bd-bd32-9cf3a56291b4","019bb8d4-fca3-726e-816f-a5e7fe02b788","1","019bb7be-fec4-7390-a7e1-63b1a0c1067f","clippers/SNqQavM76txPLYRLiKu8Zkdv6lb9lJiT6leZDoVb.jpg","2026-01-13 19:28:45","2026-01-13 19:28:45","019bb7be-fec4-7390-a7e1-63b1a0c1067f"
"019bb8d5-055c-7056-b4c0-5c1c569d1c82","019bb8d4-fca3-726e-816f-a5e7fe02b788","2","019bb7be-fec4-7390-a7e1-63b1a0c1067f","clippers/utC7n3HYELrajXJe0WUuqBrBt2PjagEQXgRjtOTA.jpg","2026-01-13 19:28:46","2026-01-13 19:28:46","019bb7be-fec4-7390-a7e1-63b1a0c1067f"
"019bb8d5-0923-73c2-bf0a-32e6c21c63e3","019bb8d4-fca3-726e-816f-a5e7fe02b788","3","019bb7be-fec4-7390-a7e1-63b1a0c1067f","clippers/aEq80RVOy2ZEXAoaPUk42fissZbMFXKxxMwR7NnL.jpg","2026-01-13 19:28:47","2026-01-13 19:28:47","019bb7be-fec4-7390-a7e1-63b1a0c1067f"
"019bb8d5-0e0d-710b-8839-ad00d50acdc1","019bb8d4-fca3-726e-816f-a5e7fe02b788","4","019bb7be-fec4-7390-a7e1-63b1a0c1067f","clippers/wa5Fj69PdDyArg7AAgN3HdaV2CEsQpPnG7F8fKoj.jpg","2026-01-13 19:28:49","2026-01-13 19:28:49","019bb7be-fec4-7390-a7e1-63b1a0c1067f"
"019bb8d6-2e28-71a4-86b2-d61a5314ad30","019bb8d6-2a15-714c-9cd0-24f640e78116","1","019bb7be-fec4-7390-a7e1-63b1a0c1067f","clippers/rQnxvE054YGedzOkrTD6zyVOSs2x7X9FR15JTIJ7.jpg","2026-01-13 19:30:02","2026-01-13 19:30:02","019bb7be-fec4-7390-a7e1-63b1a0c1067f"
"019bb8d6-31a2-73f0-a74b-2d1f86fb79e8","019bb8d6-2a15-714c-9cd0-24f640e78116","2","019bb7be-fec4-7390-a7e1-63b1a0c1067f","clippers/OpJX3dUKurx0ja0aBuXNpnPcadZzJvb2oqlqkhZ8.jpg","2026-01-13 19:30:03","2026-01-13 19:30:03","019bb7be-fec4-7390-a7e1-63b1a0c1067f"
"019bb8d6-352c-733e-ba00-43fb478bc84c","019bb8d6-2a15-714c-9cd0-24f640e78116","3","019bb7be-fec4-7390-a7e1-63b1a0c1067f","clippers/LtnU4g9OpxO2BdCIx7cbqsGlb1UVclDUB57XlDAy.jpg","2026-01-13 19:30:04","2026-01-13 19:30:04","019bb7be-fec4-7390-a7e1-63b1a0c1067f"
"019bb8d6-38cd-7257-80b6-66c0fcf427b1","019bb8d6-2a15-714c-9cd0-24f640e78116","4","019bb7be-fec4-7390-a7e1-63b1a0c1067f","clippers/qy2m4rFhL2ZLTkmQVGZdbAq4PTocje8kHNBFhmsq.jpg","2026-01-13 19:30:05","2026-01-13 19:30:05","019bb7be-fec4-7390-a7e1-63b1a0c1067f"
"019bb8da-2adf-7075-8cd4-061d2e9836d9","019bb8cb-a86f-71b8-ba81-c0ca63c7b90e","4","019bb7be-fec4-7390-a7e1-63b1a0c1067f","clippers/LuQkACry7zOuyCCA0B62WRAVBOnnzPyFftdTtVxG.jpg","2026-01-13 19:34:24","2026-01-13 19:34:24","019bb7be-fec4-7390-a7e1-63b1a0c1067f"
"019bb902-e710-706f-967e-fafbcb0ad5ad","019bb902-e2ed-7138-8a6c-030531c2bc0e","1","019bb7be-fec4-7390-a7e1-63b1a0c1067f","clippers/tUvMjuIBxA5fvbpZqBE4r1YWcWFCb8xIN0ttinaH.jpg","2026-01-13 20:18:53","2026-01-13 20:18:53","019bb7be-fec4-7390-a7e1-63b1a0c1067f"
"019bb902-eb4d-7271-b5e6-648177dbfe16","019bb902-e2ed-7138-8a6c-030531c2bc0e","2","019bb7be-fec4-7390-a7e1-63b1a0c1067f","clippers/Ca02QBQH2fFp1tme1UIufxjktXwJBmZe5EFEVPnN.jpg","2026-01-13 20:18:54","2026-01-13 20:18:54","019bb7be-fec4-7390-a7e1-63b1a0c1067f"
"019bb902-ee96-7185-9f75-11be8f962c13","019bb902-e2ed-7138-8a6c-030531c2bc0e","3","019bb7be-fec4-7390-a7e1-63b1a0c1067f","clippers/zoJ1s8uavSVfiHQrFWaWpYl3Ktd9YRLrOiHYyvKV.jpg","2026-01-13 20:18:55","2026-01-13 20:18:55","019bb7be-fec4-7390-a7e1-63b1a0c1067f"
"019bb902-f1d4-737e-a55b-1d425a45c218","019bb902-e2ed-7138-8a6c-030531c2bc0e","4","019bb7be-fec4-7390-a7e1-63b1a0c1067f","clippers/VuPCCEQscv9BPiT45NqehQ9AdlryLlVdZWGf5q9l.jpg","2026-01-13 20:18:56","2026-01-13 20:18:56","019bb7be-fec4-7390-a7e1-63b1a0c1067f"
"019bb909-3fcc-739f-a919-dd2f9fe331c4","019bb909-3c97-7161-9504-b99d401630cd","1","019bb7be-fec4-7390-a7e1-63b1a0c1067f","clippers/KcldzeFdQ51wRX9FvyDXPauwTMYnBjcuBZq4B4NI.jpg","2026-01-13 20:25:49","2026-01-13 20:25:49","019bb7be-fec4-7390-a7e1-63b1a0c1067f"
"019bb915-65ad-71ab-97f9-6ba812aff1ce","019bb915-61e4-7265-883f-0e72cde70a00","2","019bb7be-fec4-7390-a7e1-63b1a0c1067f","clippers/Seju0iuIU4McvBOl7XjjpzSDPRim9NNbTWNQkXki.jpg","2026-01-13 20:39:05","2026-01-13 20:39:05","019bb7be-fec4-7390-a7e1-63b1a0c1067f"
"019bbb9b-c70e-7311-a63c-93fd72a343f0","019bb911-fd8e-7045-8117-17723469f60e","1","019bb7be-fec4-7390-a7e1-63b1a0c1067f","clippers/KJ0JGPopbkeNJF2scGebiZwPHXnQ0RBszElu3c0Z.jpg","2026-01-14 08:25:07","2026-01-14 08:25:07","019bb7be-fec4-7390-a7e1-63b1a0c1067f"
"019bbb9b-cac0-7359-9c40-f4cde5664675","019bb911-fd8e-7045-8117-17723469f60e","2","019bb7be-fec4-7390-a7e1-63b1a0c1067f","clippers/PP6BO4nCosRYRU8ZbV9rwbKsDiCdqRyW3bl5adsj.jpg","2026-01-14 08:25:08","2026-01-14 08:25:08","019bb7be-fec4-7390-a7e1-63b1a0c1067f"
"019bbb9b-ce5b-7123-b90c-aca237a898c1","019bb911-fd8e-7045-8117-17723469f60e","3","019bb7be-fec4-7390-a7e1-63b1a0c1067f","clippers/VjiFJlh3RLNfq2UKAltxyO8wPuYUr0IhvvO38s9r.jpg","2026-01-14 08:25:08","2026-01-14 08:25:08","019bb7be-fec4-7390-a7e1-63b1a0c1067f"
"019bbb9b-d28e-7146-aafd-862cb1677e8f","019bb911-fd8e-7045-8117-17723469f60e","4","019bb7be-fec4-7390-a7e1-63b1a0c1067f","clippers/uJvPAofeP7FYKTsehmQxHgItniuaQrX8Lh0hiw5n.jpg","2026-01-14 08:25:10","2026-01-14 08:25:10","019bb7be-fec4-7390-a7e1-63b1a0c1067f"
"019bbb9e-8f25-71d4-a4f1-a36380af3d5e","019bb915-61e4-7265-883f-0e72cde70a00","1","019bb7be-fec4-7390-a7e1-63b1a0c1067f","clippers/OdT6BQNkoZGLP6oNalos3h8rO1Cr0Qm1oKXhC5MN.jpg","2026-01-14 08:28:09","2026-01-14 08:28:09","019bb7be-fec4-7390-a7e1-63b1a0c1067f"
"019bbb9e-936e-7010-9200-0d089f9844f6","019bb915-61e4-7265-883f-0e72cde70a00","3","019bb7be-fec4-7390-a7e1-63b1a0c1067f","clippers/t3UOUo3UcKHfdev7te28KFEGHUIk5TdIS83i2TC6.jpg","2026-01-14 08:28:10","2026-01-14 08:28:10","019bb7be-fec4-7390-a7e1-63b1a0c1067f"
"019bbb9e-969b-71be-b139-ea5415e61d90","019bb915-61e4-7265-883f-0e72cde70a00","4","019bb7be-fec4-7390-a7e1-63b1a0c1067f","clippers/PL9hY1m0GKZl3LG9w5cVfvSbghnjy9RsnUiIP1er.jpg","2026-01-14 08:28:11","2026-01-14 08:28:11","019bb7be-fec4-7390-a7e1-63b1a0c1067f"
"019bbba3-3a13-7217-9092-03f7f0ff9104","019bbba3-3670-7089-a099-893ea5275c90","1","019bb7be-fec4-7390-a7e1-63b1a0c1067f","clippers/oD028L0hQYnJEb8zULOgLiZmDTRsFoKpheQBOjIg.jpg","2026-01-14 08:33:15","2026-01-14 08:33:15","019bb7be-fec4-7390-a7e1-63b1a0c1067f"
"019bbba3-3d14-7285-9fd9-0496da53fd13","019bbba3-3670-7089-a099-893ea5275c90","2","019bb7be-fec4-7390-a7e1-63b1a0c1067f","clippers/eCaoJaVaVsZyEiYxJ2qLgO4t6RZxlRxGQIFmSp9O.jpg","2026-01-14 08:33:16","2026-01-14 08:33:16","019bb7be-fec4-7390-a7e1-63b1a0c1067f"
"019bbba3-4070-72fc-871c-c94634d7e6b8","019bbba3-3670-7089-a099-893ea5275c90","3","019bb7be-fec4-7390-a7e1-63b1a0c1067f","clippers/eRpzwzetyqbk7YJIeeNB3MH1oLh72P4CduUgXQnX.jpg","2026-01-14 08:33:16","2026-01-14 08:33:16","019bb7be-fec4-7390-a7e1-63b1a0c1067f"
"019bbba3-43c6-7071-880d-785c66f28d8d","019bbba3-3670-7089-a099-893ea5275c90","4","019bb7be-fec4-7390-a7e1-63b1a0c1067f","clippers/XZFxPF7T07eFNZVGtCac4dRIwJ2y55VjV8NT1Agm.jpg","2026-01-14 08:33:17","2026-01-14 08:33:17","019bb7be-fec4-7390-a7e1-63b1a0c1067f"
"019bbc2a-a7b7-7353-a0c6-2f9195053aa7","019bbc2a-a0a0-7382-b346-64c4b26d2ac2","1","019bb7be-fec4-7390-a7e1-63b1a0c1067f","clippers/QnNLvnGPuoJUybFJ1SoCdbVWewpRmWHlBWi58EPJ.jpg","2026-01-14 11:01:10","2026-01-14 11:01:10","019bb7be-fec4-7390-a7e1-63b1a0c1067f"
"019bbc2a-acd6-7108-afda-b6092784fd56","019bbc2a-a0a0-7382-b346-64c4b26d2ac2","2","019bb7be-fec4-7390-a7e1-63b1a0c1067f","clippers/AbbRMPQWskg8XoYesp5jbXXT8pcItvSTsITXQoPE.jpg","2026-01-14 11:01:12","2026-01-14 11:01:12","019bb7be-fec4-7390-a7e1-63b1a0c1067f"
"019bbc2a-b40f-72fd-b960-3b2a315e4050","019bbc2a-a0a0-7382-b346-64c4b26d2ac2","3","019bb7be-fec4-7390-a7e1-63b1a0c1067f","clippers/y1DM1PaqoY6EOkUg2qwCFHdyF7XVHkmO3Pu9Rmhz.jpg","2026-01-14 11:01:13","2026-01-14 11:01:13","019bb7be-fec4-7390-a7e1-63b1a0c1067f"
"019bbc2a-bb32-72d1-a8a4-fa2eb2a39ab5","019bbc2a-a0a0-7382-b346-64c4b26d2ac2","4","019bb7be-fec4-7390-a7e1-63b1a0c1067f","clippers/nURFSRBrru9Il5yzpbGf37JaPYvEtqyt44UjJsB3.jpg","2026-01-14 11:01:15","2026-01-14 11:01:15","019bb7be-fec4-7390-a7e1-63b1a0c1067f"
"019bbc33-4a26-7149-9cc3-43128bf02892","019bbc33-4410-72ad-9e6e-033353e51838","1","019bb7be-fec4-7390-a7e1-63b1a0c1067f","clippers/8q3FnUd5oGamwBharVavA8MTvjugHsgzpgf2LRNv.jpg","2026-01-14 11:10:36","2026-01-14 11:10:36","019bb7be-fec4-7390-a7e1-63b1a0c1067f"
"019bbc36-2eda-72fe-85f9-7f479435fee2","019bbc36-2747-70c5-a59f-5e85ffa9e82b","1","019bb7be-fec4-7390-a7e1-63b1a0c1067f","clippers/hbzIxGQl0gvmv05ZEBk6gFCm0US50N0RIoomkvyr.jpg","2026-01-14 11:13:46","2026-01-14 11:13:46","019bb7be-fec4-7390-a7e1-63b1a0c1067f"
"019bbc39-36bd-703e-8dfd-42783433cda9","019bbc39-3089-7037-a8d0-5604d2824524","1","019bb7be-fec4-7390-a7e1-63b1a0c1067f","clippers/rOg8u3CixDZnL8PxOSgUgi52myyABniLHpRSs5o7.jpg","2026-01-14 11:17:04","2026-01-14 11:17:04","019bb7be-fec4-7390-a7e1-63b1a0c1067f"
"019bbc3a-f9fa-71b4-823c-fe0925513764","019bbc3a-f433-7238-a5be-84539393cd7b","1","019bb7be-fec4-7390-a7e1-63b1a0c1067f","clippers/XKchkA58dKVME6S2RYMmLZSV542Pf0Fgqh2LxY7R.jpg","2026-01-14 11:19:00","2026-01-14 11:19:00","019bb7be-fec4-7390-a7e1-63b1a0c1067f"
"019bbc3c-419b-7093-81d3-23e4fc3da2b9","019bbc3c-3af5-71ff-adf3-43e92c8f5098","3","019bb7be-fec4-7390-a7e1-63b1a0c1067f","clippers/wrOYvinSItIIw7GwUx2T2TRz0bM1hbckE1LjzEyi.jpg","2026-01-14 11:20:24","2026-01-14 11:20:24","019bb7be-fec4-7390-a7e1-63b1a0c1067f"
"019bbc44-894b-72d3-8cf8-d24daf1d4926","019bbc44-82f9-729e-ad30-1374b9ad7d11","1","019bb7be-fec4-7390-a7e1-63b1a0c1067f","clippers/XHCejMKVnxILefPLJqlTa12ObR6JF9dcBndR8jYg.jpg","2026-01-14 11:29:26","2026-01-14 11:29:26","019bb7be-fec4-7390-a7e1-63b1a0c1067f"
"019bbc46-084f-727d-bd0f-cff70b793afc","019bbc46-0220-7276-ba25-7f8ee8e93ba0","1","019bb7be-fec4-7390-a7e1-63b1a0c1067f","clippers/zWJgeSAXokVAgaYUvXG0dpRANrXkdeBy8ZglAQ1U.jpg","2026-01-14 11:31:04","2026-01-14 11:31:04","019bb7be-fec4-7390-a7e1-63b1a0c1067f"
"019bbc46-0e6f-7192-bc81-8b506aa458ba","019bbc46-0220-7276-ba25-7f8ee8e93ba0","2","019bb7be-fec4-7390-a7e1-63b1a0c1067f","clippers/MmcgoXmE2wxdcnlmE4AvN7X7qpFbTO82qnYXELpi.jpg","2026-01-14 11:31:06","2026-01-14 11:31:06","019bb7be-fec4-7390-a7e1-63b1a0c1067f"
"019bbc4e-cc8a-73c1-aea2-f32b98e08c8a","019bbc4e-c14d-729a-b5e0-b26298f97216","1","019bb7be-fec4-7390-a7e1-63b1a0c1067f","clippers/OZnA5NTelQhnqYjlkiowsc77xwSjwScpGoxn9joB.jpg","2026-01-14 11:40:39","2026-01-14 11:40:39","019bb7be-fec4-7390-a7e1-63b1a0c1067f"
"019bbc4e-d2a7-7206-bd75-54ff2bd2d92a","019bbc4e-c14d-729a-b5e0-b26298f97216","2","019bb7be-fec4-7390-a7e1-63b1a0c1067f","clippers/BHYHvtmrqhoWRBLv13nd2fJ3s4Fe17y6kkOK4vBT.jpg","2026-01-14 11:40:40","2026-01-14 11:40:40","019bb7be-fec4-7390-a7e1-63b1a0c1067f"
"019bbc51-f5b2-72e7-8f3b-daa4aae8ad26","019bbc51-ee06-73c9-b465-2c2a53d85b88","1","019bb7be-fec4-7390-a7e1-63b1a0c1067f","clippers/yCBIZAKrRcBuYu7pyMPTzgkxwr5A3LWwn1c7yiCx.jpg","2026-01-14 11:44:06","2026-01-14 11:44:06","019bb7be-fec4-7390-a7e1-63b1a0c1067f"
"019bbc51-fc7d-71e3-b6ae-c13cb839b578","019bbc51-ee06-73c9-b465-2c2a53d85b88","2","019bb7be-fec4-7390-a7e1-63b1a0c1067f","clippers/qmY5wdi1ZO1Ny5M74SXgEY0DheAOjSyCsbQqkSYo.jpg","2026-01-14 11:44:08","2026-01-14 11:44:08","019bb7be-fec4-7390-a7e1-63b1a0c1067f"
"019bbc52-01fd-737a-a2ba-04dd8a52e13b","019bbc51-ee06-73c9-b465-2c2a53d85b88","3","019bb7be-fec4-7390-a7e1-63b1a0c1067f","clippers/IahcCVgqFJa0Pjt8wm89d7nyXUzJ78UvHG5ThClt.jpg","2026-01-14 11:44:09","2026-01-14 11:44:09","019bb7be-fec4-7390-a7e1-63b1a0c1067f"
"019bbc52-083a-7381-b1d5-6c0305659405","019bbc51-ee06-73c9-b465-2c2a53d85b88","4","019bb7be-fec4-7390-a7e1-63b1a0c1067f","clippers/pNXJXddEdQBKD8jsuCZ7SVaJ8zJdIrjznNp6XBJr.jpg","2026-01-14 11:44:11","2026-01-14 11:44:11","019bb7be-fec4-7390-a7e1-63b1a0c1067f"
"019bbc71-663e-728b-8659-d93188339706","019bbc71-5e9b-7276-a99a-61fc3a223016","1","019bb7be-fec4-7390-a7e1-63b1a0c1067f","clippers/c6rt4auMFU3dyOte8wvPrjj61lAJ9w1K12zwloJ6.jpg","2026-01-14 12:18:27","2026-01-14 12:18:27","019bb7be-fec4-7390-a7e1-63b1a0c1067f"
"019bbc73-ee19-712d-8023-88aa7257c319","019bbc73-e47b-712c-a7be-924fde430e46","1","019bb7be-fec4-7390-a7e1-63b1a0c1067f","clippers/3GEmX5hi20Wt0XX3Thera9HW2Stkp4lBmRYZlzAl.jpg","2026-01-14 12:21:12","2026-01-14 12:21:12","019bb7be-fec4-7390-a7e1-63b1a0c1067f"
"019bbc73-f4a5-7122-905b-166a2610651a","019bbc73-e47b-712c-a7be-924fde430e46","2","019bb7be-fec4-7390-a7e1-63b1a0c1067f","clippers/QWeumF2JtbsZnDBUY1UPx4uGy4FCcizz8rSYSPOR.jpg","2026-01-14 12:21:14","2026-01-14 12:21:14","019bb7be-fec4-7390-a7e1-63b1a0c1067f"
"019bbc73-fc65-7373-b314-3d1c798db6de","019bbc73-e47b-712c-a7be-924fde430e46","3","019bb7be-fec4-7390-a7e1-63b1a0c1067f","clippers/Ag9MW4V6m0j9SEgGLhFPgBvqiZtm1ObnAh1RQjAO.jpg","2026-01-14 12:21:16","2026-01-14 12:21:16","019bb7be-fec4-7390-a7e1-63b1a0c1067f"
"019bbc74-04a4-7020-abf0-ac175c9ed1b6","019bbc73-e47b-712c-a7be-924fde430e46","4","019bb7be-fec4-7390-a7e1-63b1a0c1067f","clippers/nqZCsI3lzbJnrk9RNsiMmZWXM6mD1HOTm3hhSq3a.jpg","2026-01-14 12:21:18","2026-01-14 12:21:18","019bb7be-fec4-7390-a7e1-63b1a0c1067f"
"019bbc76-6973-708b-afec-7f5ab2f01237","019bbc76-63fa-7130-add5-2e993cf8ba79","1","019bb7be-fec4-7390-a7e1-63b1a0c1067f","clippers/BnHcBsHuZyLv2srxDEkUC4KBZpWyCYZcCQlPyjUL.jpg","2026-01-14 12:23:55","2026-01-14 12:23:55","019bb7be-fec4-7390-a7e1-63b1a0c1067f"
"019bbc76-6f70-725f-9b89-ca7e2073f039","019bbc76-63fa-7130-add5-2e993cf8ba79","2","019bb7be-fec4-7390-a7e1-63b1a0c1067f","clippers/a6hRLWDJPKqrC0zgbqBZWrHp38GbJPNaCJTQt0AZ.jpg","2026-01-14 12:23:57","2026-01-14 12:23:57","019bb7be-fec4-7390-a7e1-63b1a0c1067f"
"019bbc76-76cb-73c2-a1ba-d2aa2f602013","019bbc76-63fa-7130-add5-2e993cf8ba79","3","019bb7be-fec4-7390-a7e1-63b1a0c1067f","clippers/viYwgI3YOceugCDvXvBb8uwePvCev3pPeG1NPVbo.jpg","2026-01-14 12:23:58","2026-01-14 12:23:58","019bb7be-fec4-7390-a7e1-63b1a0c1067f"
"019bbc76-7e66-71e8-b4e8-9b6f8f56b13d","019bbc76-63fa-7130-add5-2e993cf8ba79","4","019bb7be-fec4-7390-a7e1-63b1a0c1067f","clippers/68LWdjEh06n9VuFUPpFnYBpjMwI44g21vsPmFa0I.jpg","2026-01-14 12:24:00","2026-01-14 12:24:00","019bb7be-fec4-7390-a7e1-63b1a0c1067f"
"019bbc78-766d-71a5-a05e-8eb960d56014","019bbc78-7042-70c8-b8ec-bd0316d0817c","1","019bb7be-fec4-7390-a7e1-63b1a0c1067f","clippers/mCl4J5BL87iVlQkzjtVon9CJIRt8aOAan6iyVACP.jpg","2026-01-14 12:26:09","2026-01-14 12:26:09","019bb7be-fec4-7390-a7e1-63b1a0c1067f"
"019bbc78-7e4d-730d-9778-16bdd5bdb9e3","019bbc78-7042-70c8-b8ec-bd0316d0817c","2","019bb7be-fec4-7390-a7e1-63b1a0c1067f","clippers/0TNhg53pkohdOx1GD3HXcAGdwBmBcxwsO2mptIhY.jpg","2026-01-14 12:26:11","2026-01-14 12:26:11","019bb7be-fec4-7390-a7e1-63b1a0c1067f"
"019bbc7a-b767-7109-853b-6087d3fa65bd","019bbc7a-b0e5-73e2-8e2d-c8306ecae208","1","019bb7be-fec4-7390-a7e1-63b1a0c1067f","clippers/l6rZpspAQQNP59t5byNH3EdpTiSA1XA6U5Nf9fvN.jpg","2026-01-14 12:28:37","2026-01-14 12:28:37","019bb7be-fec4-7390-a7e1-63b1a0c1067f"
"019bbc7a-be92-72b6-a216-b02bcb9a29c5","019bbc7a-b0e5-73e2-8e2d-c8306ecae208","2","019bb7be-fec4-7390-a7e1-63b1a0c1067f","clippers/otajMFOwhMncBe5DAlKVVsOBGo1CU20uCMQviZRO.jpg","2026-01-14 12:28:39","2026-01-14 12:28:39","019bb7be-fec4-7390-a7e1-63b1a0c1067f"
"019bbc7a-c4eb-7082-8ce3-4e0fd2a575aa","019bbc7a-b0e5-73e2-8e2d-c8306ecae208","3","019bb7be-fec4-7390-a7e1-63b1a0c1067f","clippers/u26PbKp7WFIZkZSf9l9nBgSnxWzYRXAlVpHhNzJt.jpg","2026-01-14 12:28:41","2026-01-14 12:28:41","019bb7be-fec4-7390-a7e1-63b1a0c1067f"
"019bbc7a-cc1c-711a-a4c1-f18003d1268f","019bbc7a-b0e5-73e2-8e2d-c8306ecae208","4","019bb7be-fec4-7390-a7e1-63b1a0c1067f","clippers/vbgLzXxRZXHsY0cgqjqz5DUznprc5PsrkKSIEzF7.jpg","2026-01-14 12:28:42","2026-01-14 12:28:42","019bb7be-fec4-7390-a7e1-63b1a0c1067f"
"019bbc7a-d220-71a1-9e9f-b9126662e013","019bbc7a-b0e5-73e2-8e2d-c8306ecae208","5","019bb7be-fec4-7390-a7e1-63b1a0c1067f","clippers/JHpRbG0fd5xSQ5vD52NBywn3ueBlJwxfuJqcqVHq.jpg","2026-01-14 12:28:44","2026-01-14 12:28:44","019bb7be-fec4-7390-a7e1-63b1a0c1067f"
"019bbc90-b53e-728b-bca1-7318c64bff8b","019bbc90-acdb-712f-a887-c10126e2a28d","1","019bb7be-fec4-7390-a7e1-63b1a0c1067f","clippers/Ctt9OfQormOWeKJQQxje35BMvPXnqKlLMKAXxZpF.jpg","2026-01-14 12:52:38","2026-01-14 12:52:38","019bb7be-fec4-7390-a7e1-63b1a0c1067f"
"019bbc9a-6e85-735e-8cb1-715544e18fd1","019bbc9a-658e-7205-af90-229a0b936073","1","019bb7be-fec4-7390-a7e1-63b1a0c1067f","clippers/6NoqHNl7VFrqw9AAwSjBMJdOO5EsrDwh0EyRGExu.jpg","2026-01-14 13:03:16","2026-01-14 13:03:16","019bb7be-fec4-7390-a7e1-63b1a0c1067f"
"019bbc9c-93cf-708a-9a63-cfae28fc4537","019bbc9c-8cae-732c-8191-88b7aaf54a5e","1","019bb7be-fec4-7390-a7e1-63b1a0c1067f","clippers/q3QXz7UQctvCa0OVg5HMlhNdreW11NMdBfBBiz8v.jpg","2026-01-14 13:05:36","2026-01-14 13:05:36","019bb7be-fec4-7390-a7e1-63b1a0c1067f"
"019bbc9c-ad02-7045-bc1e-467a62a4dcab","019bbc9c-8cae-732c-8191-88b7aaf54a5e","2","019bb7be-fec4-7390-a7e1-63b1a0c1067f","clippers/n5vx0WnfXtMzzLQPh5Cw3SoIIgnuWaITMAcCD1qA.jpg","2026-01-14 13:05:43","2026-01-14 13:05:43","019bb7be-fec4-7390-a7e1-63b1a0c1067f"
"019bbc9c-b731-7169-817e-ed379f7c1bbb","019bbc9c-8cae-732c-8191-88b7aaf54a5e","3","019bb7be-fec4-7390-a7e1-63b1a0c1067f","clippers/zBmEMJVh88tdXkDScQBjNdrWXi5lQeUr0hH7hsfO.jpg","2026-01-14 13:05:45","2026-01-14 13:05:45","019bb7be-fec4-7390-a7e1-63b1a0c1067f"
"019bbc9e-162c-7337-a238-f57eb78d22d6","019bbc9e-0f01-70da-a538-7896aa8eb413","1","019bb7be-fec4-7390-a7e1-63b1a0c1067f","clippers/MCAo5NUfQOq5QVuslnCcs2mi0KOCA90B43KSVFLl.jpg","2026-01-14 13:07:15","2026-01-14 13:07:15","019bb7be-fec4-7390-a7e1-63b1a0c1067f"
"019bbc9e-1ecd-73d8-aa47-e86d7be513d9","019bbc9e-0f01-70da-a538-7896aa8eb413","2","019bb7be-fec4-7390-a7e1-63b1a0c1067f","clippers/twlxoH2JbRNqp6k5MukFqiFSnzDa4M9q3QiBa2y6.jpg","2026-01-14 13:07:17","2026-01-14 13:07:17","019bb7be-fec4-7390-a7e1-63b1a0c1067f"
"019bbc9f-6c28-7270-84e4-5e0b443f2050","019bbc9f-66aa-7335-a6cb-12fed49f4f31","1","019bb7be-fec4-7390-a7e1-63b1a0c1067f","clippers/D5Z7cCx5mOeKY2RQPckHqsyXa5IZ6OEh030zXbzV.jpg","2026-01-14 13:08:43","2026-01-14 13:08:43","019bb7be-fec4-7390-a7e1-63b1a0c1067f"
"019bbca1-4bc2-71c9-a6ff-52518f6a27fc","019bbca1-4273-7225-bd80-528ceaedaa6f","1","019bb7be-fec4-7390-a7e1-63b1a0c1067f","clippers/C50gYHTxErNMj8DpO8BlO3L1UnF1mKHgkeMLiAhl.jpg","2026-01-14 13:10:45","2026-01-14 13:10:45","019bb7be-fec4-7390-a7e1-63b1a0c1067f"
"019bbca1-52b7-7076-92d9-499d0ef54907","019bbca1-4273-7225-bd80-528ceaedaa6f","2","019bb7be-fec4-7390-a7e1-63b1a0c1067f","clippers/dqd5gUQKeorsjLC7bySXmZBAJXzIfPIoAQszSdWs.jpg","2026-01-14 13:10:47","2026-01-14 13:10:47","019bb7be-fec4-7390-a7e1-63b1a0c1067f"
"019bbca1-59ad-7186-96b5-35acc9847855","019bbca1-4273-7225-bd80-528ceaedaa6f","3","019bb7be-fec4-7390-a7e1-63b1a0c1067f","clippers/eRVIiIbgNQ4Q66FnT705ytUcQjWR0CRlADMBvnZw.jpg","2026-01-14 13:10:49","2026-01-14 13:10:49","019bb7be-fec4-7390-a7e1-63b1a0c1067f"
"019bbca1-5fef-71ef-b86a-2d1323c8a5e7","019bbca1-4273-7225-bd80-528ceaedaa6f","4","019bb7be-fec4-7390-a7e1-63b1a0c1067f","clippers/aPCedHphU6OdBzqCAoI4so3jm2kKDbfQDVUpbTAt.jpg","2026-01-14 13:10:51","2026-01-14 13:10:51","019bb7be-fec4-7390-a7e1-63b1a0c1067f"
"019bbca2-9491-7359-9dec-49ff37a185c3","019bbca2-8dfb-72b4-9856-0c575354a642","1","019bb7be-fec4-7390-a7e1-63b1a0c1067f","clippers/m0ORQvjkvzV9UCIo4ZYtVSIo9lo1HyBo1kj9uHM3.jpg","2026-01-14 13:12:10","2026-01-14 13:12:10","019bb7be-fec4-7390-a7e1-63b1a0c1067f"
"019bbca6-6f87-737a-a59a-f06572185fa5","019bbca6-68ec-73ee-9cc5-0b1e91e5f3a5","1","019bb7be-fec4-7390-a7e1-63b1a0c1067f","clippers/gieLmfwkhqkVzyTdskXiakXcko42RXhnBlxVI0JO.jpg","2026-01-14 13:16:22","2026-01-14 13:16:22","019bb7be-fec4-7390-a7e1-63b1a0c1067f"
"019bbca6-7621-73e0-afdd-83f1e83649c1","019bbca6-68ec-73ee-9cc5-0b1e91e5f3a5","2","019bb7be-fec4-7390-a7e1-63b1a0c1067f","clippers/Ra0VRD5xGFhwGvpIyelEaOTVT9btt0QBuxJUmXEy.jpg","2026-01-14 13:16:24","2026-01-14 13:16:24","019bb7be-fec4-7390-a7e1-63b1a0c1067f"
"019bbca8-69dc-73c6-8993-64a243ef8dcb","019bbca8-632d-735b-9aba-18044350a502","1","019bb7be-fec4-7390-a7e1-63b1a0c1067f","clippers/MoHFggw3msIq9eZe9Jj7yDoecRzRlq4JxxSExWn0.jpg","2026-01-14 13:18:32","2026-01-14 13:18:32","019bb7be-fec4-7390-a7e1-63b1a0c1067f"
"019bbca8-730d-725d-87fe-a60a342dd429","019bbca8-632d-735b-9aba-18044350a502","2","019bb7be-fec4-7390-a7e1-63b1a0c1067f","clippers/Fr2VaJun5wx5rxVK7oN1NHmr2yJoGAoj8z4wem0M.jpg","2026-01-14 13:18:34","2026-01-14 13:18:34","019bb7be-fec4-7390-a7e1-63b1a0c1067f"
"019bbca9-4a52-72de-8c4a-a26328004254","019bbca9-4478-729a-8486-b3d1f9db2636","1","019bb7be-fec4-7390-a7e1-63b1a0c1067f","clippers/mnsaCIlndOSAHQzFuFJFbQggEkg2Ct18g84ifGL6.jpg","2026-01-14 13:19:29","2026-01-14 13:19:29","019bb7be-fec4-7390-a7e1-63b1a0c1067f"
"019bbcae-01b4-7164-afc9-f9ecc0b8b580","019bbcad-fa6b-72af-8667-dadb6a2ab471","1","019bb7be-fec4-7390-a7e1-63b1a0c1067f","clippers/GruaVlhhTOhAaKBOI0t6gNbJPDFWDGnfExcEFqLr.jpg","2026-01-14 13:24:38","2026-01-14 13:24:38","019bb7be-fec4-7390-a7e1-63b1a0c1067f"
"019bbcae-0a5f-72b7-8642-bab281895d58","019bbcad-fa6b-72af-8667-dadb6a2ab471","2","019bb7be-fec4-7390-a7e1-63b1a0c1067f","clippers/zA6J6UIf47CQPSDXJ9IvnDOS2IS8xPW0HLk8GNkl.jpg","2026-01-14 13:24:41","2026-01-14 13:24:41","019bb7be-fec4-7390-a7e1-63b1a0c1067f"
"019bbcae-120b-728a-9e61-9347232e2218","019bbcad-fa6b-72af-8667-dadb6a2ab471","3","019bb7be-fec4-7390-a7e1-63b1a0c1067f","clippers/CYpZk292CN3bAk0GJVoUH95iu55QTyqdfhMasYMO.jpg","2026-01-14 13:24:43","2026-01-14 13:24:43","019bb7be-fec4-7390-a7e1-63b1a0c1067f"
"019bbcb1-a99b-706c-90db-dc824bf45822","019bbcb1-a21e-70b5-af5d-c1897ded4edd","1","019bb7be-fec4-7390-a7e1-63b1a0c1067f","clippers/rHiSqgnDs5VJzb6VT6KVXew8M8RxLOtDZWZ4cRUi.jpg","2026-01-14 13:28:38","2026-01-14 13:28:38","019bb7be-fec4-7390-a7e1-63b1a0c1067f"
"019bbcb1-b25f-7050-80af-c6607275cf3f","019bbcb1-a21e-70b5-af5d-c1897ded4edd","2","019bb7be-fec4-7390-a7e1-63b1a0c1067f","clippers/vVXx5FvSCeNGVaJqeeatpyi3qI60ygBzuJCQKHzy.jpg","2026-01-14 13:28:40","2026-01-14 13:28:40","019bb7be-fec4-7390-a7e1-63b1a0c1067f"
"019bbcb1-b8d8-735d-935d-24a452613d6d","019bbcb1-a21e-70b5-af5d-c1897ded4edd","3","019bb7be-fec4-7390-a7e1-63b1a0c1067f","clippers/t5YKirVyfpKEr6UmYQbhWeZctsTohwt4hbsi9MUe.jpg","2026-01-14 13:28:42","2026-01-14 13:28:42","019bb7be-fec4-7390-a7e1-63b1a0c1067f"
"019bbcb2-b33e-71ab-8a7b-96fe2fceab06","019bbcb2-acbf-73dd-988e-1ce1a40e0cd9","4","019bb7be-fec4-7390-a7e1-63b1a0c1067f","clippers/8cq7BGHCALJdEA2zmhxPoBxfBy1QhsCfEHi1CFGH.jpg","2026-01-14 13:29:46","2026-01-14 13:29:46","019bb7be-fec4-7390-a7e1-63b1a0c1067f"
"019bbcb3-7e6d-7099-880d-2e2d325ca8c2","019bbcb3-7782-72ae-819c-4acb90715f71","1","019bb7be-fec4-7390-a7e1-63b1a0c1067f","clippers/H2Z4XxoCvmyWGNJpjrZE7uSWZAXq0qPKwng7aKYP.jpg","2026-01-14 13:30:38","2026-01-14 13:30:38","019bb7be-fec4-7390-a7e1-63b1a0c1067f"
"019bbcb9-91be-728a-ba67-bfd962d5185b","019bbcb9-8850-7033-93a6-00cc86d5eb52","1","019bb7be-fec4-7390-a7e1-63b1a0c1067f","clippers/8RWatb7UvI4bnoSMDzVOfm1WoXBJnRnYzXgIdjRK.jpg","2026-01-14 13:37:16","2026-01-14 13:37:16","019bb7be-fec4-7390-a7e1-63b1a0c1067f"
"019bbcbb-d916-7385-a176-cb35f8bd58e1","019bbcbb-d2fa-701b-9e94-52dba2917e1d","1","019bb7be-fec4-7390-a7e1-63b1a0c1067f","clippers/EPki7TVfjeUU7cqPPNGe2WbHKBnVWGrdtquzO872.jpg","2026-01-14 13:39:46","2026-01-14 13:39:46","019bb7be-fec4-7390-a7e1-63b1a0c1067f"
"019bbcbd-9af9-7334-a1d8-bddff2c52a5c","019bbcbd-9457-70e3-9ec4-94193df7d3e8","3","019bb7be-fec4-7390-a7e1-63b1a0c1067f","clippers/moem7mUC38aFI8oMHKFdP7P3WYGf1DL9Ggj1RN3g.jpg","2026-01-14 13:41:41","2026-01-14 13:41:41","019bb7be-fec4-7390-a7e1-63b1a0c1067f"
"019bbd0f-c3ed-7376-9ff0-609b177e826c","019bbd0f-be61-70a2-900e-a61b08c7d11c","1","019bb7be-fec4-7390-a7e1-63b1a0c1067f","clippers/wB1IysFo7GQlHXE4OtCy6zF3FKC8H0IoA7XTBy3p.jpg","2026-01-14 15:11:25","2026-01-14 15:11:25","019bb7be-fec4-7390-a7e1-63b1a0c1067f"
"019bbd0f-cae1-72fa-8889-f80f897ed538","019bbd0f-be61-70a2-900e-a61b08c7d11c","2","019bb7be-fec4-7390-a7e1-63b1a0c1067f","clippers/UPDbKhl9lARsyrh6UsmBRIzCvWoNfg55azgA1rdI.jpg","2026-01-14 15:11:27","2026-01-14 15:11:27","019bb7be-fec4-7390-a7e1-63b1a0c1067f"
"019bbd13-462c-7175-b343-78f588c0d3ca","019bbc7a-b0e5-73e2-8e2d-c8306ecae208","6","019bb7be-fec4-7390-a7e1-63b1a0c1067f","clippers/pnvd1OipSqhGVtXt3sWarTQhkfNiad7pB8JbmELK.jpg","2026-01-14 15:15:15","2026-01-14 15:15:15","019bb7be-fec4-7390-a7e1-63b1a0c1067f"
"019bbd13-4f62-71c6-8c91-a415d456dd09","019bbc7a-b0e5-73e2-8e2d-c8306ecae208","7","019bb7be-fec4-7390-a7e1-63b1a0c1067f","clippers/aljcnNFB0688umFag581fNd4M6ggCiZcpaf2eXdi.jpg","2026-01-14 15:15:17","2026-01-14 15:15:17","019bb7be-fec4-7390-a7e1-63b1a0c1067f"
"019bbd13-55a2-7074-b1f8-c8977c5d0c2e","019bbc7a-b0e5-73e2-8e2d-c8306ecae208","8","019bb7be-fec4-7390-a7e1-63b1a0c1067f","clippers/LiMr412MEMxJIAmgBrropE0OsaXHMfFqiOC9azy8.jpg","2026-01-14 15:15:19","2026-01-14 15:15:19","019bb7be-fec4-7390-a7e1-63b1a0c1067f"
"019bbd13-5c57-735f-98af-18a89a89eb02","019bbc7a-b0e5-73e2-8e2d-c8306ecae208","9","019bb7be-fec4-7390-a7e1-63b1a0c1067f","clippers/wPMVq0eJLOrOLYXu9tQAqwMdDhld3EePGuwouVb5.jpg","2026-01-14 15:15:21","2026-01-14 15:15:21","019bb7be-fec4-7390-a7e1-63b1a0c1067f"
"019bbd13-6269-73d9-b456-35ad69d5521e","019bbc7a-b0e5-73e2-8e2d-c8306ecae208","10","019bb7be-fec4-7390-a7e1-63b1a0c1067f","clippers/YjYh1Klt7KwXPHy51Z8if46vY0MaOXHJxbOqSrSY.jpg","2026-01-14 15:15:22","2026-01-14 15:15:22","019bb7be-fec4-7390-a7e1-63b1a0c1067f"
"019bbd17-aab3-72dc-8bdd-2f20f7dcc5b0","019bbd17-a643-73c0-988c-a72b4d1d8ae5","1","019bb7be-fec4-7390-a7e1-63b1a0c1067f","clippers/U0vFvPolXRqAtbBaCZqcFkPGa7JDNnvpYJurqVMo.jpg","2026-01-14 15:20:03","2026-01-14 15:20:03","019bb7be-fec4-7390-a7e1-63b1a0c1067f"
"019bbd17-b149-73e6-ae79-74a05ce2e1e1","019bbd17-a643-73c0-988c-a72b4d1d8ae5","2","019bb7be-fec4-7390-a7e1-63b1a0c1067f","clippers/x9knHKjTaGr7koNE4qVTwmt5frOVygU5fVglmyyl.jpg","2026-01-14 15:20:05","2026-01-14 15:20:05","019bb7be-fec4-7390-a7e1-63b1a0c1067f"
"019bbd17-b8f0-704c-b6cd-3aa6b3021613","019bbd17-a643-73c0-988c-a72b4d1d8ae5","3","019bb7be-fec4-7390-a7e1-63b1a0c1067f","clippers/qNf90tu3DYQogMKaNZltxRgG9sdcsJH3Uci4jjrn.jpg","2026-01-14 15:20:07","2026-01-14 15:20:07","019bb7be-fec4-7390-a7e1-63b1a0c1067f"
"019bbd17-bd25-7251-8c75-753594aa3007","019bbd17-a643-73c0-988c-a72b4d1d8ae5","4","019bb7be-fec4-7390-a7e1-63b1a0c1067f","clippers/iUc7Rf1ndv7a6AfLXvwjjAsVdEctUqvHNp0ZmcjM.jpg","2026-01-14 15:20:08","2026-01-14 15:20:08","019bb7be-fec4-7390-a7e1-63b1a0c1067f"
"019bbd1c-1f55-71bd-8c4b-e09fb2a3c41c","019bbd1c-1b01-7359-b96b-1fc7c151a945","1","019bb7be-fec4-7390-a7e1-63b1a0c1067f","clippers/8zIY9FsXaOeXGmDviQsDp4RX0wBc4naQXSMwPwrT.jpg","2026-01-14 15:24:55","2026-01-14 15:24:55","019bb7be-fec4-7390-a7e1-63b1a0c1067f"
"019bbd1c-2629-7359-9d2e-60638b626c44","019bbd1c-1b01-7359-b96b-1fc7c151a945","2","019bb7be-fec4-7390-a7e1-63b1a0c1067f","clippers/tlp5cogxROXP4JoEgNNeIH5j7HgjZ1zxtfTGcfkV.jpg","2026-01-14 15:24:57","2026-01-14 15:24:57","019bb7be-fec4-7390-a7e1-63b1a0c1067f"
"019bbd1c-2b34-72d8-b43a-907d48c36cd3","019bbd1c-1b01-7359-b96b-1fc7c151a945","3","019bb7be-fec4-7390-a7e1-63b1a0c1067f","clippers/4vy0nrFJ4D5gsGBudMoZkhhltP2psJDVLZPDsKU3.jpg","2026-01-14 15:24:58","2026-01-14 15:24:58","019bb7be-fec4-7390-a7e1-63b1a0c1067f"
"019bbd1c-2fb6-7143-878c-06d576399478","019bbd1c-1b01-7359-b96b-1fc7c151a945","4","019bb7be-fec4-7390-a7e1-63b1a0c1067f","clippers/C8yfKuHN1D4Z6GdroW1ODrKXYhugLprzTgvHNAIH.jpg","2026-01-14 15:24:59","2026-01-14 15:24:59","019bb7be-fec4-7390-a7e1-63b1a0c1067f"
"019bbd1f-8bfb-7142-89ac-9dc14c542a8a","019bbd1f-8673-7272-9b12-167fcd594007","1","019bb7be-fec4-7390-a7e1-63b1a0c1067f","clippers/7XLVElbPXMBaZIxCgsZOvuMS6bdY9c8pQkxWMhzt.jpg","2026-01-14 15:28:39","2026-01-14 15:28:39","019bb7be-fec4-7390-a7e1-63b1a0c1067f"
"019bbd1f-92e6-715d-a9ac-3bb221f19a0c","019bbd1f-8673-7272-9b12-167fcd594007","2","019bb7be-fec4-7390-a7e1-63b1a0c1067f","clippers/q4THDc7knRX3g0gUZtO06SFYOea9rwMeSs1Q58j2.jpg","2026-01-14 15:28:41","2026-01-14 15:28:41","019bb7be-fec4-7390-a7e1-63b1a0c1067f"
"019bbd1f-98d1-70a6-8c2b-562b28b3a436","019bbd1f-8673-7272-9b12-167fcd594007","3","019bb7be-fec4-7390-a7e1-63b1a0c1067f","clippers/G9AjF8UeJtDQX7st8xatnk9wpbCL9UAprOXtYWFd.jpg","2026-01-14 15:28:43","2026-01-14 15:28:43","019bb7be-fec4-7390-a7e1-63b1a0c1067f"
"019bbd1f-9e7e-7226-8ea5-ede0992cd32f","019bbd1f-8673-7272-9b12-167fcd594007","4","019bb7be-fec4-7390-a7e1-63b1a0c1067f","clippers/YT5Kdlbap7W64tZfwIfZ2brn7Rxp6ZgVpnFYbNVM.jpg","2026-01-14 15:28:44","2026-01-14 15:28:44","019bb7be-fec4-7390-a7e1-63b1a0c1067f"
"019bbd21-7314-71cf-8014-31e6e952b4f2","019bbd21-6ca5-7296-abe1-d540d102fff4","1","019bb7be-fec4-7390-a7e1-63b1a0c1067f","clippers/Cl1zM8vGUvbUnlIg6pMfpndG7OlJskQ3jsFAxEv4.jpg","2026-01-14 15:30:44","2026-01-14 15:30:44","019bb7be-fec4-7390-a7e1-63b1a0c1067f"
"019bbd21-7a40-70f4-b6b1-bdfad173fedc","019bbd21-6ca5-7296-abe1-d540d102fff4","2","019bb7be-fec4-7390-a7e1-63b1a0c1067f","clippers/rpaqQ3GgGrMBJQMfycHA4lbuofjwc5nHKmZr2f99.jpg","2026-01-14 15:30:46","2026-01-14 15:30:46","019bb7be-fec4-7390-a7e1-63b1a0c1067f"
"019bbd21-80ff-724b-856e-86f9c6b47e98","019bbd21-6ca5-7296-abe1-d540d102fff4","3","019bb7be-fec4-7390-a7e1-63b1a0c1067f","clippers/QabVgsJH563RcKMgNSJFmwibe23dvDaWwp7d8fSt.jpg","2026-01-14 15:30:48","2026-01-14 15:30:48","019bb7be-fec4-7390-a7e1-63b1a0c1067f"
"019bbd21-86f6-704a-a380-fa7fec32f932","019bbd21-6ca5-7296-abe1-d540d102fff4","4","019bb7be-fec4-7390-a7e1-63b1a0c1067f","clippers/4Wf0sQ77bHlLyCXvVMQ2NjKugkojyARiXTu15mNE.jpg","2026-01-14 15:30:49","2026-01-14 15:30:49","019bb7be-fec4-7390-a7e1-63b1a0c1067f"
"019bbd22-fe26-73bb-8cfb-894fd38f151e","019bbd22-f87a-71c5-807c-50c03d0ea411","1","019bb7be-fec4-7390-a7e1-63b1a0c1067f","clippers/N4FMEfRerbwZTYSEFEViej8hWiGDD0wj2HKOQU1z.jpg","2026-01-14 15:32:25","2026-01-14 15:32:25","019bb7be-fec4-7390-a7e1-63b1a0c1067f"
"019bbd23-047c-73e9-a21b-13c6125b9763","019bbd22-f87a-71c5-807c-50c03d0ea411","2","019bb7be-fec4-7390-a7e1-63b1a0c1067f","clippers/2adX4U3Pp0dluS6EB6JeNMLiQwx28Ybrw0A9kBDQ.jpg","2026-01-14 15:32:27","2026-01-14 15:32:27","019bb7be-fec4-7390-a7e1-63b1a0c1067f"
"019bbd23-0a8c-719a-9e8b-8bf052c9922e","019bbd22-f87a-71c5-807c-50c03d0ea411","3","019bb7be-fec4-7390-a7e1-63b1a0c1067f","clippers/58g17KaAvolsD3DgviQSvq6yy2T9obYEx4maIvmg.jpg","2026-01-14 15:32:28","2026-01-14 15:32:28","019bb7be-fec4-7390-a7e1-63b1a0c1067f"
"019bbd23-105a-7207-9461-424e66e4d8ed","019bbd22-f87a-71c5-807c-50c03d0ea411","4","019bb7be-fec4-7390-a7e1-63b1a0c1067f","clippers/1NStMywwGE9TKLyRVGNsT3Zp5qJ3W1syJk6VTNSB.jpg","2026-01-14 15:32:30","2026-01-14 15:32:30","019bb7be-fec4-7390-a7e1-63b1a0c1067f"
"019bbd23-cdfb-7398-9108-c33c057997d7","019bbd23-c6e1-7169-8b38-38a47e0b5a52","1","019bb7be-fec4-7390-a7e1-63b1a0c1067f","clippers/NKo7x5Bp6ba0FXPlDSAHY7L7Qso6D0xGDPLWTh08.jpg","2026-01-14 15:33:18","2026-01-14 15:33:18","019bb7be-fec4-7390-a7e1-63b1a0c1067f"
"019bbd25-93f4-712e-8986-632d4082d3ab","019bbd25-8e00-708e-afae-cfaecc945453","1","019bb7be-fec4-7390-a7e1-63b1a0c1067f","clippers/C6kS0yVGTpjCf8FktihPxyqMo1HMy4xuTdNVqGKG.jpg","2026-01-14 15:35:15","2026-01-14 15:35:15","019bb7be-fec4-7390-a7e1-63b1a0c1067f"
"019bbd25-9a14-72cb-a4df-9201fe3b7f49","019bbd25-8e00-708e-afae-cfaecc945453","2","019bb7be-fec4-7390-a7e1-63b1a0c1067f","clippers/W0WRfiRxvRszjnxWgc9y5CYF97FSQqyOUfWWKYk1.jpg","2026-01-14 15:35:16","2026-01-14 15:35:16","019bb7be-fec4-7390-a7e1-63b1a0c1067f"
"019bbd25-9f9a-7131-bcfe-ba66421874e1","019bbd25-8e00-708e-afae-cfaecc945453","3","019bb7be-fec4-7390-a7e1-63b1a0c1067f","clippers/XHm6Te9eli5zeQtIyOXwIVFif1bqdUXevt3RpTNP.jpg","2026-01-14 15:35:18","2026-01-14 15:35:18","019bb7be-fec4-7390-a7e1-63b1a0c1067f"
"019bbd25-a6bf-73cc-b149-eb51e3b5c6c6","019bbd25-8e00-708e-afae-cfaecc945453","4","019bb7be-fec4-7390-a7e1-63b1a0c1067f","clippers/yWujchSQ0CNwigKlafGM8iNOCg6T5JL1bQ4rj9xX.jpg","2026-01-14 15:35:19","2026-01-14 15:35:19","019bb7be-fec4-7390-a7e1-63b1a0c1067f"
"019bbd28-af6a-723b-a95e-3fcce13c5809","019bbd28-a9bd-735a-a7c1-250ff399033f","1","019bb7be-fec4-7390-a7e1-63b1a0c1067f","clippers/jBrhcgG7FDGN7PfA65KYPVBAf7cwHVbUdaaNSdT0.jpg","2026-01-14 15:38:38","2026-01-14 15:38:38","019bb7be-fec4-7390-a7e1-63b1a0c1067f"
"019bbd2a-3875-7026-8afd-6ac621c4eb69","019bbd2a-3333-7205-a482-ca928bb3aa03","1","019bb7be-fec4-7390-a7e1-63b1a0c1067f","clippers/E5qrULDAQwz1RO2tICgtyRzJ6skDSULhsvzBvNAk.jpg","2026-01-14 15:40:19","2026-01-14 15:40:19","019bb7be-fec4-7390-a7e1-63b1a0c1067f"
"019bbd2a-3e72-7001-9968-5ee401191003","019bbd2a-3333-7205-a482-ca928bb3aa03","2","019bb7be-fec4-7390-a7e1-63b1a0c1067f","clippers/7VCdTjL3fc5WrAm7tc6enzQ5mZwoTreisUK9cYBC.jpg","2026-01-14 15:40:20","2026-01-14 15:40:20","019bb7be-fec4-7390-a7e1-63b1a0c1067f"
"019bbd2a-4497-703a-8266-1d73689a695f","019bbd2a-3333-7205-a482-ca928bb3aa03","3","019bb7be-fec4-7390-a7e1-63b1a0c1067f","clippers/EwKJzmFtoh077m5jKJYmVoZDp35kBfR2wNDEmiS6.jpg","2026-01-14 15:40:22","2026-01-14 15:40:22","019bb7be-fec4-7390-a7e1-63b1a0c1067f"
"019bbd2a-4be0-7196-aaa6-37e2440370c1","019bbd2a-3333-7205-a482-ca928bb3aa03","4","019bb7be-fec4-7390-a7e1-63b1a0c1067f","clippers/IK0laG1TfIRNrZYZpHlzAhp39N6ugcj4fltvPKvy.jpg","2026-01-14 15:40:24","2026-01-14 15:40:24","019bb7be-fec4-7390-a7e1-63b1a0c1067f"
"019bc152-2168-70cf-bfea-2273d4e37759","019bc152-1835-7198-837c-79949b005b36","1","019bb7be-fec4-7390-a7e1-63b1a0c1067f","clippers/uTSOQ9gUgAIm8JZyi8BjRmbSZTqTy6hNYwrVeVnB.jpg","2026-01-15 11:02:23","2026-01-15 11:02:23","019bb7be-fec4-7390-a7e1-63b1a0c1067f"
"019bc152-2793-70a5-ad8f-f7b941dbabfc","019bc152-1835-7198-837c-79949b005b36","2","019bb7be-fec4-7390-a7e1-63b1a0c1067f","clippers/VSRwwiGVBiYXdqQhUl1Zdms1eirmYGAh6KqGzAfV.jpg","2026-01-15 11:02:25","2026-01-15 11:02:25","019bb7be-fec4-7390-a7e1-63b1a0c1067f"
"019bc152-2dc6-719b-9ceb-df33d7cd74ee","019bc152-1835-7198-837c-79949b005b36","3","019bb7be-fec4-7390-a7e1-63b1a0c1067f","clippers/Zz344LAVb0fkoFETuyPjsZtCuBMx1SuRUzPFsrjL.jpg","2026-01-15 11:02:27","2026-01-15 11:02:27","019bb7be-fec4-7390-a7e1-63b1a0c1067f"
"019bc152-33a8-719e-a79c-55c0e49b8ddd","019bc152-1835-7198-837c-79949b005b36","4","019bb7be-fec4-7390-a7e1-63b1a0c1067f","clippers/vu2F1dRfq7Kb7edWYkYyTgOpzDlbn0ybPpHlZf5w.jpg","2026-01-15 11:02:28","2026-01-15 11:02:28","019bb7be-fec4-7390-a7e1-63b1a0c1067f"