"id","clipper_id","user_id","notes","location_bought","created_at","updated_at"
"019bb7c5-b021-722d-a5b8-85e69f17f1e3","019bb7c0-83d7-7352-b94b-d8e8424da48e","019bb7be-fec4-7390-a7e1-63b1a0c1067f",,,"2026-01-13 14:32:24","2026-01-13 14:32:24"
"019bb7c5-b02a-726c-9648-e9dbb6960466","019bb7c0-8031-7128-83e1-88a7100313c0","019bb7be-fec4-7390-a7e1-63b1a0c1067f",,,"2026-01-13 14:32:24","2026-01-13 14:32:24"
"019bb7c5-b030-7062-859a-9ee31f8132a8","019bb7c4-5ed8-72f6-9db8-3dd905f95d53","019bb7be-fec4-7390-a7e1-63b1a0c1067f",,,"2026-01-13 14:32:24","2026-01-13 14:32:24"
"019bb7c5-b037-7371-ac9c-833748ce4007","019bb7c4-628e-7247-b320-c2dac07457db","019bb7be-fec4-7390-a7e1-63b1a0c1067f",,,"2026-01-13 14:32:24","2026-01-13 14:32:24"
"019bb7c7-5b01-7080-974b-d27f63785c3b","019bb7c7-008e-7201-b5a4-267d65bd84c0","019bb7be-fec4-7390-a7e1-63b1a0c1067f",,,"2026-01-13 14:34:14","2026-01-13 14:34:14"
"019bb7c7-5dc3-7034-982c-04d26cdde1c4","019bb7c7-03a5-717d-9f28-ce745275b4af","019bb7be-fec4-7390-a7e1-63b1a0c1067f",,,"2026-01-13 14:34:14","2026-01-13 14:34:14"
"019bb7c8-b2df-71b6-b8d0-7b586141781d","019bb7c7-0a0c-7033-acd0-2f21baf6dfed","019bb7be-fec4-7390-a7e1-63b1a0c1067f",,,"2026-01-13 14:35:42","2026-01-13 14:35:42"
"019bb7cb-d0c2-70af-9f81-b0be062b6ae4","019bb7c9-4e32-7318-aed5-b24b2cc20828","019bb7be-fec4-7390-a7e1-63b1a0c1067f",,,"2026-01-13 14:39:06","2026-01-13 14:39:06"
"019bb7cb-d0c9-7021-99ac-9ce62f213497","019bb7c9-5267-7011-8559-75e4f66f6df2","019bb7be-fec4-7390-a7e1-63b1a0c1067f",,,"2026-01-13 14:39:06","2026-01-13 14:39:06"
"019bb7cb-d0cf-7035-bb81-51af1f151246","019bb7c9-56c9-7074-8ea6-9e259f417ee4","019bb7be-fec4-7390-a7e1-63b1a0c1067f",,,"2026-01-13 14:39:06","2026-01-13 14:39:06"
"019bb7cb-d0d5-714c-bec9-f78ab86155b8","019bb7c9-5b44-73c0-b8d5-6bc550766965","019bb7be-fec4-7390-a7e1-63b1a0c1067f",,,"2026-01-13 14:39:06","2026-01-13 14:39:06"
"019bb7cf-1805-7025-becd-df12bc6ec938","019bb7ce-dd22-73fa-9667-85e11a01c5c8","019bb7be-fec4-7390-a7e1-63b1a0c1067f",,,"2026-01-13 14:42:41","2026-01-13 14:42:41"
"019bb7d2-493a-73ae-9ca6-cc99ffc63122","019bb7d2-38cd-723d-9b93-d647d1b1963a","019bb7be-fec4-7390-a7e1-63b1a0c1067f",,,"2026-01-13 14:46:10","2026-01-13 14:46:10"
"019bb7d3-bc1a-7083-8414-1ec86ed2ce90","019bb7d3-7a7f-715a-91ba-696a71e1e19e","019bb7be-fec4-7390-a7e1-63b1a0c1067f",,,"2026-01-13 14:47:45","2026-01-13 14:47:45"
"019bb7d6-38b0-72e2-85b0-cde254786a0b","019bb7d6-1dfc-71d0-b4dc-b32d02ca18bc","019bb7be-fec4-7390-a7e1-63b1a0c1067f",,,"2026-01-13 14:50:28","2026-01-13 14:50:28"
"019bb7d7-9891-7374-bd56-fca94f4764fe","019bb7d7-755e-700a-8a77-44252d022225","019bb7be-fec4-7390-a7e1-63b1a0c1067f",,,"2026-01-13 14:51:58","2026-01-13 14:51:58"
"019bb7da-85dd-720c-a608-542eee044694","019bb7da-4cef-73ff-a6c5-9cec43545aca","019bb7be-fec4-7390-a7e1-63b1a0c1067f",,,"2026-01-13 14:55:10","2026-01-13 14:55:10"
"019bb7dd-4a78-71ab-b51a-96bd66674cde","019bb7dd-1016-7199-9f7f-f84e898b1675","019bb7be-fec4-7390-a7e1-63b1a0c1067f",,,"2026-01-13 14:58:11","2026-01-13 14:58:11"
"019bb7df-5670-7227-adb3-ff18c5a6624c","019bb7df-2686-7215-821c-b4a9fafa8925","019bb7be-fec4-7390-a7e1-63b1a0c1067f",,,"2026-01-13 15:00:25","2026-01-13 15:00:25"
"019bb7e0-b51d-7157-b307-b3a07e029ec7","019bb7e0-8eca-71b7-9d51-8b26348f60ed","019bb7be-fec4-7390-a7e1-63b1a0c1067f",,,"2026-01-13 15:01:55","2026-01-13 15:01:55"
"019bb7e2-9d83-71a3-8c2a-66246b46b3fc","019bb7e2-2ef0-7272-b27a-05f4e0f3e6b5","019bb7be-fec4-7390-a7e1-63b1a0c1067f",,,"2026-01-13 15:04:00","2026-01-13 15:04:00"
"019bb7e3-ff13-7269-af4c-42fd2dc5b761","019bb7e3-9078-7298-a54e-5a33b9170871","019bb7be-fec4-7390-a7e1-63b1a0c1067f",,,"2026-01-13 15:05:31","2026-01-13 15:05:31"
"019bb7e6-1cfe-73b1-8e56-191f2a975ced","019bb7e6-0889-7371-be05-8d0daf36610c","019bb7be-fec4-7390-a7e1-63b1a0c1067f",,,"2026-01-13 15:07:49","2026-01-13 15:07:49"
"019bb7e7-c77f-71ea-9dc1-d350afc38400","019bb7e7-b3e6-727f-ba21-72e4f48ac485","019bb7be-fec4-7390-a7e1-63b1a0c1067f",,,"2026-01-13 15:09:39","2026-01-13 15:09:39"
"019bb7eb-2f1b-7288-9f4b-3803796b8747","019bb7eb-06db-7082-8c97-e5d254b6a110","019bb7be-fec4-7390-a7e1-63b1a0c1067f",,,"2026-01-13 15:13:22","2026-01-13 15:13:22"
"019bb7ef-8598-7190-a70d-53e94fbee8df","019bb7ef-5574-718c-a4bd-de61ef3b6980","019bb7be-fec4-7390-a7e1-63b1a0c1067f",,,"2026-01-13 15:18:06","2026-01-13 15:18:06"
"019bb7f2-39e5-715f-a375-464d7d912161","019bb7f2-0bfb-72a9-b9a6-72940ceb16be","019bb7be-fec4-7390-a7e1-63b1a0c1067f",,,"2026-01-13 15:21:03","2026-01-13 15:21:03"
"019bb7f3-a6b2-728f-8950-bdd345a6821b","019bb7f3-842c-7034-9193-e12b1a2a5147","019bb7be-fec4-7390-a7e1-63b1a0c1067f",,,"2026-01-13 15:22:37","2026-01-13 15:22:37"
"019bb7f5-5c21-7159-99ff-8fe59eaddc92","019bb7f5-3f69-71b1-b2af-96dc7dee2b5b","019bb7be-fec4-7390-a7e1-63b1a0c1067f",,,"2026-01-13 15:24:29","2026-01-13 15:24:29"
"019bb7f7-98d1-73d9-bf5a-1a8d41d7f8c2","019bb7f6-dd8b-7029-aef5-4d4257836ea0","019bb7be-fec4-7390-a7e1-63b1a0c1067f",,,"2026-01-13 15:26:55","2026-01-13 15:26:55"
"019bb7fb-0de8-71f4-8b3f-c56e8e7050e2","019bb7fa-f281-72a1-8481-606ccc2a8a7d","019bb7be-fec4-7390-a7e1-63b1a0c1067f",,,"2026-01-13 15:30:42","2026-01-13 15:30:42"
"019bb7ff-b1d0-7289-b661-9c57d9b2a3ee","019bb7ff-6b11-7314-8d18-6d755ca76910","019bb7be-fec4-7390-a7e1-63b1a0c1067f",,,"2026-01-13 15:35:46","2026-01-13 15:35:46"
"019bb801-a747-7243-8ea3-fc026d1d067b","019bb801-87a4-72cb-ae23-0f190608444b","019bb7be-fec4-7390-a7e1-63b1a0c1067f",,,"2026-01-13 15:37:54","2026-01-13 15:37:54"
"019bb805-24b6-7160-bc6d-471b4eb583d5","019bb805-0233-7003-8d06-c4c61b8aa7d8","019bb7be-fec4-7390-a7e1-63b1a0c1067f",,,"2026-01-13 15:41:43","2026-01-13 15:41:43"
"019bb807-7ad4-71e7-b926-aee502af1146","019bb807-484b-73e1-8d9e-edb058a04e9c","019bb7be-fec4-7390-a7e1-63b1a0c1067f",,,"2026-01-13 15:44:16","2026-01-13 15:44:16"
"019bb809-dc91-7328-8f79-09b4f5fe5a2b","019bb809-bf93-7134-9b11-e861393dfe08","019bb7be-fec4-7390-a7e1-63b1a0c1067f",,,"2026-01-13 15:46:52","2026-01-13 15:46:52"
"019bb809-e2a6-7335-aabe-eaa35d80943c","019bb809-c36a-731e-80f3-422192d76f8c","019bb7be-fec4-7390-a7e1-63b1a0c1067f",,,"2026-01-13 15:46:54","2026-01-13 15:46:54"
"019bb80c-d184-73a2-92cb-b7348be54218","019bb80c-b3dd-712f-a499-f4969f542f89","019bb7be-fec4-7390-a7e1-63b1a0c1067f",,,"2026-01-13 15:50:06","2026-01-13 15:50:06"
"019bb80e-7006-70a8-ab9d-2404dccd313b","019bb80e-531f-73f4-88b7-8a96daf60ef6","019bb7be-fec4-7390-a7e1-63b1a0c1067f",,,"2026-01-13 15:51:52","2026-01-13 15:51:52"
"019bb811-0999-73c2-82c5-9674e756af53","019bb810-e9ff-7210-b0b2-53b9da385be0","019bb7be-fec4-7390-a7e1-63b1a0c1067f",,,"2026-01-13 15:54:42","2026-01-13 15:54:42"
"019bb817-4f80-7001-a931-8ad3e3ee7d0c","019bb812-1bb3-7209-914c-90c4c7728dbd","019bb7be-fec4-7390-a7e1-63b1a0c1067f",,,"2026-01-13 16:01:34","2026-01-13 16:01:34"
"019bb819-0ccb-73cb-a8e0-164054184b27","019bb818-eb00-729a-a499-46b690088e81","019bb7be-fec4-7390-a7e1-63b1a0c1067f",,,"2026-01-13 16:03:28","2026-01-13 16:03:28"
"019bb819-1159-72f3-9214-bf50f7c208c2","019bb818-f1d9-7088-89a1-c6bbad826618","019bb7be-fec4-7390-a7e1-63b1a0c1067f",,,"2026-01-13 16:03:29","2026-01-13 16:03:29"
"019bb81b-1db3-7344-ab4f-6f777b7c6175","019bb81b-056f-7331-aa3c-93a7d23895ac","019bb7be-fec4-7390-a7e1-63b1a0c1067f",,,"2026-01-13 16:05:43","2026-01-13 16:05:43"
"019bb8c3-05d9-7034-8dc1-4844180ca0a0","019bb8c2-f21f-7039-bf95-ab2f4480d2d1","019bb7be-fec4-7390-a7e1-63b1a0c1067f",,,"2026-01-13 19:09:07","2026-01-13 19:09:07"
"019bb8c3-e34d-73da-8ee9-bfbed6ee8d9c","019bb8c3-ce32-702e-aa77-8fe0f83220eb","019bb7be-fec4-7390-a7e1-63b1a0c1067f",,,"2026-01-13 19:10:04","2026-01-13 19:10:04"
"019bb8c5-3e77-7066-97a0-4672533f55d1","019bb8c5-087b-7300-880e-4abd978af1a5","019bb7be-fec4-7390-a7e1-63b1a0c1067f",,,"2026-01-13 19:11:32","2026-01-13 19:11:32"
"019bb8c5-41f3-724d-8a24-cdf2c7581a72","019bb8c5-0fc2-7006-b320-c8ec6338e89a","019bb7be-fec4-7390-a7e1-63b1a0c1067f",,,"2026-01-13 19:11:33","2026-01-13 19:11:33"
"019bb8c5-977a-70d5-a661-ba4b85984cdf","019bb80e-57fa-72cd-9aae-83b9cb55c22e","019bb7be-fec4-7390-a7e1-63b1a0c1067f",,,"2026-01-13 19:11:55","2026-01-13 19:11:55"
"019bb8c7-1524-709e-a435-571de07cc4f9","019bb8c6-8032-723c-8c40-b06a3b47e569","019bb7be-fec4-7390-a7e1-63b1a0c1067f",,,"2026-01-13 19:13:33","2026-01-13 19:13:33"
"019bb8c7-152a-7112-819b-458ff3d59165","019bb8c6-846d-717d-a18d-558bac31f9bc","019bb7be-fec4-7390-a7e1-63b1a0c1067f",,,"2026-01-13 19:13:33","2026-01-13 19:13:33"
"019bb8c7-152e-73d3-a175-d00e7bedd62c","019bb8c6-883a-738e-9857-890faba502c2","019bb7be-fec4-7390-a7e1-63b1a0c1067f",,,"2026-01-13 19:13:33","2026-01-13 19:13:33"
"019bb8c7-1532-7298-aa70-ba6a3e94b67d","019bb8c6-8d08-7077-bb27-71b852a88075","019bb7be-fec4-7390-a7e1-63b1a0c1067f",,,"2026-01-13 19:13:33","2026-01-13 19:13:33"
"019bb8c9-2802-702c-ba03-909b4274ee96","019bb8c9-0d26-72cd-8cae-7d99609c0410","019bb7be-fec4-7390-a7e1-63b1a0c1067f",,,"2026-01-13 19:15:49","2026-01-13 19:15:49"
"019bb8c9-2a10-73ee-a9d9-4148a5abdcb0","019bb8c9-10f3-7044-a7c8-868c8766f067","019bb7be-fec4-7390-a7e1-63b1a0c1067f",,,"2026-01-13 19:15:49","2026-01-13 19:15:49"
"019bb8c9-2c4f-73b7-b7c6-9a3b490eab02","019bb8c9-14a9-708b-872f-85fc8c2b9b11","019bb7be-fec4-7390-a7e1-63b1a0c1067f",,,"2026-01-13 19:15:50","2026-01-13 19:15:50"
"019bb8ca-1cfc-715a-8940-f3588a14b3f3","019bb8c9-f621-704b-b02f-27bc531ea805","019bb7be-fec4-7390-a7e1-63b1a0c1067f",,,"2026-01-13 19:16:52","2026-01-13 19:16:52"
"019bb8ca-1f55-724d-b3a4-b184be31d942","019bb8c9-fb74-73c2-bb88-af4572f32efd","019bb7be-fec4-7390-a7e1-63b1a0c1067f",,,"2026-01-13 19:16:52","2026-01-13 19:16:52"
"019bb8ca-21c2-72ff-9e3c-2dcdfe61ceed","019bb8ca-007e-7037-84c2-1edcbef8fe77","019bb7be-fec4-7390-a7e1-63b1a0c1067f",,,"2026-01-13 19:16:53","2026-01-13 19:16:53"
"019bb8ca-f4a5-703c-8274-cb6693943a2f","019bb8ca-d6d5-73d3-b7ff-3e3bc4884167","019bb7be-fec4-7390-a7e1-63b1a0c1067f",,,"2026-01-13 19:17:47","2026-01-13 19:17:47"
"019bb8ca-f815-7357-8e1a-b6197dd89f06","019bb8ca-e185-736d-9fe4-4d27215f4337","019bb7be-fec4-7390-a7e1-63b1a0c1067f",,,"2026-01-13 19:17:48","2026-01-13 19:17:48"
"019bb8cc-baf1-719d-8d35-4d1a45f68d0d","019bb8cc-9dfe-72da-a733-757228a5db46","019bb7be-fec4-7390-a7e1-63b1a0c1067f",,,"2026-01-13 19:19:43","2026-01-13 19:19:43"
"019bb8cc-baf5-7359-b75d-6cd8dc8f8621","019bb8cc-a1ed-7265-b965-94fa41690b7f","019bb7be-fec4-7390-a7e1-63b1a0c1067f",,,"2026-01-13 19:19:43","2026-01-13 19:19:43"
"019bb8cc-baf9-7208-a3b0-7296b5d271e3","019bb8cc-a69c-7247-bb6b-495b3bec9f0f","019bb7be-fec4-7390-a7e1-63b1a0c1067f",,,"2026-01-13 19:19:43","2026-01-13 19:19:43"
"019bb8cc-bafe-7279-be54-47f15b873f2a","019bb8cc-aa55-70c5-9655-3401485f1230","019bb7be-fec4-7390-a7e1-63b1a0c1067f",,,"2026-01-13 19:19:43","2026-01-13 19:19:43"
"019bb8cd-bc4a-73c9-84bc-2f230e8845a9","019bb8cd-a83e-70ed-8218-62e4d7c09fe0","019bb7be-fec4-7390-a7e1-63b1a0c1067f",,,"2026-01-13 19:20:49","2026-01-13 19:20:49"
"019bb8cd-bf6c-701c-b6ac-4f0e4d2798e8","019bb8cd-ad21-7224-944b-f7c2e792b964","019bb7be-fec4-7390-a7e1-63b1a0c1067f",,,"2026-01-13 19:20:50","2026-01-13 19:20:50"
"019bb8ce-9a3d-73c3-bf0c-f9ea3b70ed9d","019bb8ce-7dcf-7345-80ae-d9910aee73c8","019bb7be-fec4-7390-a7e1-63b1a0c1067f",,,"2026-01-13 19:21:46","2026-01-13 19:21:46"
"019bb8ce-9ed9-7264-9a39-1622b9ec52b3","019bb8ce-7082-72d5-af5b-8d2897d8397b","019bb7be-fec4-7390-a7e1-63b1a0c1067f",,,"2026-01-13 19:21:47","2026-01-13 19:21:47"
"019bb8cf-82a8-71e8-9810-f6d46da68120","019bb8cf-6830-7011-b003-8a78231012f6","019bb7be-fec4-7390-a7e1-63b1a0c1067f",,,"2026-01-13 19:22:45","2026-01-13 19:22:45"
"019bb8cf-82ad-725d-a9cf-911ae33b7ae2","019bb8cf-6c32-707a-993a-e09a88d2a217","019bb7be-fec4-7390-a7e1-63b1a0c1067f",,,"2026-01-13 19:22:45","2026-01-13 19:22:45"
"019bb8cf-82b1-708e-b8c3-62a16cdd8219","019bb8cf-70a1-72fe-993a-3582e2f4d158","019bb7be-fec4-7390-a7e1-63b1a0c1067f",,,"2026-01-13 19:22:45","2026-01-13 19:22:45"
"019bb8cf-82b4-72fb-a0e9-17fa33158e50","019bb8cf-7430-7304-8d72-a00dc8dbfd34","019bb7be-fec4-7390-a7e1-63b1a0c1067f",,,"2026-01-13 19:22:45","2026-01-13 19:22:45"
"019bb8d0-bd38-7332-af41-41d3ac172bd7","019bb8d0-aaed-7145-9c25-e293d7d5a11f","019bb7be-fec4-7390-a7e1-63b1a0c1067f",,,"2026-01-13 19:24:06","2026-01-13 19:24:06"
"019bb8d0-bfe3-7198-af43-7751dc6ebd4a","019bb8d0-adfb-70b0-8731-e9b397a4bd41","019bb7be-fec4-7390-a7e1-63b1a0c1067f",,,"2026-01-13 19:24:07","2026-01-13 19:24:07"
"019bb8d1-b8c9-7141-93bc-6acebcbb83ab","019bb8d1-9cef-72e2-9b4d-6f6b17b1ba8e","019bb7be-fec4-7390-a7e1-63b1a0c1067f",,,"2026-01-13 19:25:10","2026-01-13 19:25:10"
"019bb8d1-b8d1-7377-baeb-5e7c3a713699","019bb8d1-a275-7280-9d4b-1713ac9d23d6","019bb7be-fec4-7390-a7e1-63b1a0c1067f",,,"2026-01-13 19:25:10","2026-01-13 19:25:10"
"019bb8d1-b8d8-70de-b401-f13d0206d207","019bb8d1-a599-71e7-a318-a573855a9821","019bb7be-fec4-7390-a7e1-63b1a0c1067f",,,"2026-01-13 19:25:10","2026-01-13 19:25:10"
"019bb8d1-b8df-71f2-913c-d360ead885d7","019bb8d1-a96f-7282-b62b-8e1264652b7d","019bb7be-fec4-7390-a7e1-63b1a0c1067f",,,"2026-01-13 19:25:10","2026-01-13 19:25:10"
"019bb8d2-bd31-73f3-a8d7-d788d31cc463","019bb8d2-a6bd-70d9-b3f8-4a36f0f81d56","019bb7be-fec4-7390-a7e1-63b1a0c1067f",,,"2026-01-13 19:26:17","2026-01-13 19:26:17"
"019bb8d2-c0a3-73ca-9124-ccbdd898d78e","019bb8d2-aace-72f3-9b58-31d614448a85","019bb7be-fec4-7390-a7e1-63b1a0c1067f",,,"2026-01-13 19:26:18","2026-01-13 19:26:18"
"019bb8d4-5934-7184-a3ee-571c9f7126d1","019bb8d4-3c29-72db-aa3d-73a3a197894c","019bb7be-fec4-7390-a7e1-63b1a0c1067f",,,"2026-01-13 19:28:02","2026-01-13 19:28:02"
"019bb8d4-593c-73f4-ae3e-41edcd11a9a2","019bb8d4-4031-7279-8258-29b8e59eb245","019bb7be-fec4-7390-a7e1-63b1a0c1067f",,,"2026-01-13 19:28:02","2026-01-13 19:28:02"
"019bb8d4-5941-7019-a2a6-8321fb51a0b7","019bb8d4-440f-7045-be5e-1a414b2ebffb","019bb7be-fec4-7390-a7e1-63b1a0c1067f",,,"2026-01-13 19:28:02","2026-01-13 19:28:02"
"019bb8d4-5945-73f4-9530-4ecf5622b6ae","019bb8d4-495c-71d2-9a1c-2b3fd1c00028","019bb7be-fec4-7390-a7e1-63b1a0c1067f",,,"2026-01-13 19:28:02","2026-01-13 19:28:02"
"019bb8d5-26ce-7094-806b-4784f2c6c83a","019bb8d5-017e-72bd-bd32-9cf3a56291b4","019bb7be-fec4-7390-a7e1-63b1a0c1067f",,,"2026-01-13 19:28:55","2026-01-13 19:28:55"
"019bb8d5-26d3-72da-a7df-ede020d5a490","019bb8d5-055c-7056-b4c0-5c1c569d1c82","019bb7be-fec4-7390-a7e1-63b1a0c1067f",,,"2026-01-13 19:28:55","2026-01-13 19:28:55"
"019bb8d5-26d6-70aa-8502-873ee866954d","019bb8d5-0923-73c2-bf0a-32e6c21c63e3","019bb7be-fec4-7390-a7e1-63b1a0c1067f",,,"2026-01-13 19:28:55","2026-01-13 19:28:55"
"019bb8d5-26da-70b3-b653-034fea650d7c","019bb8d5-0e0d-710b-8839-ad00d50acdc1","019bb7be-fec4-7390-a7e1-63b1a0c1067f",,,"2026-01-13 19:28:55","2026-01-13 19:28:55"
"019bb8d6-48e8-7194-8a86-08948f2faea2","019bb8d6-2e28-71a4-86b2-d61a5314ad30","019bb7be-fec4-7390-a7e1-63b1a0c1067f",,,"2026-01-13 19:30:09","2026-01-13 19:30:09"
"019bb8d6-48f1-711c-bdf1-e3ba26525f3d","019bb8d6-31a2-73f0-a74b-2d1f86fb79e8","019bb7be-fec4-7390-a7e1-63b1a0c1067f",,,"2026-01-13 19:30:09","2026-01-13 19:30:09"
"019bb8d6-48f9-729d-9eed-7c554774ea8d","019bb8d6-352c-733e-ba00-43fb478bc84c","019bb7be-fec4-7390-a7e1-63b1a0c1067f",,,"2026-01-13 19:30:09","2026-01-13 19:30:09"
"019bb8d6-4901-723b-bea9-ddf72a223ced","019bb8d6-38cd-7257-80b6-66c0fcf427b1","019bb7be-fec4-7390-a7e1-63b1a0c1067f",,,"2026-01-13 19:30:09","2026-01-13 19:30:09"
"019bb8da-3ae1-70af-815e-f489dc88f42b","019bb8cb-acaf-71ac-b1c0-87b0b712803d","019bb7be-fec4-7390-a7e1-63b1a0c1067f",,,"2026-01-13 19:34:28","2026-01-13 19:34:28"
"019bb8da-3ae7-7173-a72f-d68b705e2093","019bb8cb-b0f0-71b4-a57f-dcaef157a147","019bb7be-fec4-7390-a7e1-63b1a0c1067f",,,"2026-01-13 19:34:28","2026-01-13 19:34:28"
"019bb8da-3aee-7139-b0ad-7a26d652515e","019bb8cb-b4ae-73a9-ae1d-099b5cf81390","019bb7be-fec4-7390-a7e1-63b1a0c1067f",,,"2026-01-13 19:34:28","2026-01-13 19:34:28"
"019bb8da-3af5-71dd-aa64-029311f37355","019bb8da-2adf-7075-8cd4-061d2e9836d9","019bb7be-fec4-7390-a7e1-63b1a0c1067f",,,"2026-01-13 19:34:28","2026-01-13 19:34:28"
"019bb8e1-939b-73ec-a92c-5f0b31fdf333","019bb7e5-f965-73f3-9b76-3b9ff32f34f2","019bb7be-fec4-7390-a7e1-63b1a0c1067f",,,"2026-01-13 19:42:29","2026-01-13 19:42:29"
"019bb8e2-d807-72b7-b343-a9fa47d58de9","019bb801-93cd-70dd-88f3-725e139bfb85","019bb7be-fec4-7390-a7e1-63b1a0c1067f",,,"2026-01-13 19:43:52","2026-01-13 19:43:52"
"019bb8e3-11c1-70b5-ac3f-cd3ef931f229","019bb7ff-6ef3-7367-a4f4-47a30c3861d3","019bb7be-fec4-7390-a7e1-63b1a0c1067f",,,"2026-01-13 19:44:07","2026-01-13 19:44:07"
"019bb8e3-16d0-721d-9427-f7b51766f4d5","019bb7ff-5767-7337-9a22-feffded2f8e8","019bb7be-fec4-7390-a7e1-63b1a0c1067f",,,"2026-01-13 19:44:08","2026-01-13 19:44:08"
"019bb8f6-e4c9-7149-8876-e836e2bdf6b4","019bb80c-bc5a-7062-a947-bd88c6698ff9","019bb7be-fec4-7390-a7e1-63b1a0c1067f",,,"2026-01-13 20:05:46","2026-01-13 20:05:46"
"019bb903-0f3f-72f5-81b3-cab6d3923a83","019bb902-e710-706f-967e-fafbcb0ad5ad","019bb7be-fec4-7390-a7e1-63b1a0c1067f",,,"2026-01-13 20:19:04","2026-01-13 20:19:04"
"019bb909-4b52-7325-ab95-a44b77b2d010","019bb909-3fcc-739f-a919-dd2f9fe331c4","019bb7be-fec4-7390-a7e1-63b1a0c1067f",,,"2026-01-13 20:25:52","2026-01-13 20:25:52"
"019bb915-bb55-73a6-b667-d1cd7ea08392","019bb915-65ad-71ab-97f9-6ba812aff1ce","019bb7be-fec4-7390-a7e1-63b1a0c1067f",,,"2026-01-13 20:39:27","2026-01-13 20:39:27"
"019bbb9c-0924-7146-941d-3c22da33f369","019bbb9b-cac0-7359-9c40-f4cde5664675","019bb7be-fec4-7390-a7e1-63b1a0c1067f",,,"2026-01-14 08:25:24","2026-01-14 08:25:24"
"019bbba3-f9b4-7327-acae-fc210a4f810c","019bbba3-43c6-7071-880d-785c66f28d8d","019bb7be-fec4-7390-a7e1-63b1a0c1067f",,,"2026-01-14 08:34:04","2026-01-14 08:34:04"
"019bbc2d-9cba-7308-a3f6-9b99cafa287d","019bbc2a-acd6-7108-afda-b6092784fd56","019bb7be-fec4-7390-a7e1-63b1a0c1067f",,,"2026-01-14 11:04:24","2026-01-14 11:04:24"
"019bbc2d-a1eb-72a9-9809-d70664b79c88","019bbc2a-b40f-72fd-b960-3b2a315e4050","019bb7be-fec4-7390-a7e1-63b1a0c1067f",,,"2026-01-14 11:04:25","2026-01-14 11:04:25"
"019bbc2d-acce-70f9-a557-db28c74ddbd0","019bbc2a-bb32-72d1-a8a4-fa2eb2a39ab5","019bb7be-fec4-7390-a7e1-63b1a0c1067f",,,"2026-01-14 11:04:28","2026-01-14 11:04:28"
"019bbc33-7067-71f4-a483-af2a9ea07299","019bbc33-4a26-7149-9cc3-43128bf02892","019bb7be-fec4-7390-a7e1-63b1a0c1067f",,,"2026-01-14 11:10:46","2026-01-14 11:10:46"
"019bbc38-5218-71ad-8abc-40152cadc655","019bbc36-2eda-72fe-85f9-7f479435fee2","019bb7be-fec4-7390-a7e1-63b1a0c1067f",,,"2026-01-14 11:16:06","2026-01-14 11:16:06"
"019bbc39-5663-7254-a1b7-a69ff23f56ba","019bbc39-36bd-703e-8dfd-42783433cda9","019bb7be-fec4-7390-a7e1-63b1a0c1067f",,,"2026-01-14 11:17:12","2026-01-14 11:17:12"
"019bbc3b-09a0-7385-ac7f-4f89cb85f29b","019bbc3a-f9fa-71b4-823c-fe0925513764","019bb7be-fec4-7390-a7e1-63b1a0c1067f",,,"2026-01-14 11:19:04","2026-01-14 11:19:04"
"019bbc3d-9bbc-70f1-82de-2b24fda58248","019bbc3c-419b-7093-81d3-23e4fc3da2b9","019bb7be-fec4-7390-a7e1-63b1a0c1067f",,,"2026-01-14 11:21:52","2026-01-14 11:21:52"
"019bbc44-e33f-73f5-a9f8-66c7e33c88e8","019bbc44-894b-72d3-8cf8-d24daf1d4926","019bb7be-fec4-7390-a7e1-63b1a0c1067f",,,"2026-01-14 11:29:49","2026-01-14 11:29:49"
"019bbc4c-cd7c-73db-94f7-3c16ebb275c7","019bbc46-084f-727d-bd0f-cff70b793afc","019bb7be-fec4-7390-a7e1-63b1a0c1067f",,,"2026-01-14 11:38:28","2026-01-14 11:38:28"
"019bbc4c-cda9-718d-beda-5eff664192a5","019bbc46-0e6f-7192-bc81-8b506aa458ba","019bb7be-fec4-7390-a7e1-63b1a0c1067f",,,"2026-01-14 11:38:28","2026-01-14 11:38:28"
"019bbc4e-e579-71a7-a6f4-3020990811f2","019bbc4e-cc8a-73c1-aea2-f32b98e08c8a","019bb7be-fec4-7390-a7e1-63b1a0c1067f",,,"2026-01-14 11:40:45","2026-01-14 11:40:45"
"019bbc4e-e5a5-7123-8076-77c1c11faaf0","019bbc4e-d2a7-7206-bd75-54ff2bd2d92a","019bb7be-fec4-7390-a7e1-63b1a0c1067f",,,"2026-01-14 11:40:45","2026-01-14 11:40:45"
"019bbc52-20ef-7399-8213-4727d5186f4f","019bbc51-f5b2-72e7-8f3b-daa4aae8ad26","019bb7be-fec4-7390-a7e1-63b1a0c1067f",,,"2026-01-14 11:44:17","2026-01-14 11:44:17"
"019bbc52-211a-7157-b8ab-4d9f8fe84bf5","019bbc51-fc7d-71e3-b6ae-c13cb839b578","019bb7be-fec4-7390-a7e1-63b1a0c1067f",,,"2026-01-14 11:44:17","2026-01-14 11:44:17"
"019bbc52-2145-72c5-a070-ee86844fcf73","019bbc52-01fd-737a-a2ba-04dd8a52e13b","019bb7be-fec4-7390-a7e1-63b1a0c1067f",,,"2026-01-14 11:44:17","2026-01-14 11:44:17"
"019bbc52-216f-71c2-a5cb-1167172f1bb5","019bbc52-083a-7381-b1d5-6c0305659405","019bb7be-fec4-7390-a7e1-63b1a0c1067f",,,"2026-01-14 11:44:17","2026-01-14 11:44:17"
"019bbc71-9e59-7228-bcb3-c2f0c5dbad2e","019bbc71-663e-728b-8659-d93188339706","019bb7be-fec4-7390-a7e1-63b1a0c1067f",,,"2026-01-14 12:18:41","2026-01-14 12:18:41"
"019bbc74-2e90-73ad-b7ca-65842a808ef7","019bbc73-ee19-712d-8023-88aa7257c319","019bb7be-fec4-7390-a7e1-63b1a0c1067f",,,"2026-01-14 12:21:29","2026-01-14 12:21:29"
"019bbc74-2ebc-71d4-b06f-5036965b92f9","019bbc73-f4a5-7122-905b-166a2610651a","019bb7be-fec4-7390-a7e1-63b1a0c1067f",,,"2026-01-14 12:21:29","2026-01-14 12:21:29"
"019bbc74-2ee7-72c2-a4c4-661a7601b0bc","019bbc73-fc65-7373-b314-3d1c798db6de","019bb7be-fec4-7390-a7e1-63b1a0c1067f",,,"2026-01-14 12:21:29","2026-01-14 12:21:29"
"019bbc74-2f13-7212-a548-3d08d8884db7","019bbc74-04a4-7020-abf0-ac175c9ed1b6","019bb7be-fec4-7390-a7e1-63b1a0c1067f",,,"2026-01-14 12:21:29","2026-01-14 12:21:29"
"019bbc77-39fa-7159-b550-38b32036cbf7","019bbc76-6973-708b-afec-7f5ab2f01237","019bb7be-fec4-7390-a7e1-63b1a0c1067f",,,"2026-01-14 12:24:48","2026-01-14 12:24:48"
"019bbc77-3a28-73e5-ba65-2939f585f809","019bbc76-6f70-725f-9b89-ca7e2073f039","019bb7be-fec4-7390-a7e1-63b1a0c1067f",,,"2026-01-14 12:24:48","2026-01-14 12:24:48"
"019bbc77-3a55-7263-a563-6d3bbfa9a472","019bbc76-76cb-73c2-a1ba-d2aa2f602013","019bb7be-fec4-7390-a7e1-63b1a0c1067f",,,"2026-01-14 12:24:48","2026-01-14 12:24:48"
"019bbc77-3a81-708c-bd31-3486ff10af9c","019bbc76-7e66-71e8-b4e8-9b6f8f56b13d","019bb7be-fec4-7390-a7e1-63b1a0c1067f",,,"2026-01-14 12:24:49","2026-01-14 12:24:49"
"019bbc78-a0fe-7273-b340-c7a8bb2ea3cf","019bbc78-766d-71a5-a05e-8eb960d56014","019bb7be-fec4-7390-a7e1-63b1a0c1067f",,,"2026-01-14 12:26:20","2026-01-14 12:26:20"
"019bbc78-a12f-7134-97da-b7d9b6930af7","019bbc78-7e4d-730d-9778-16bdd5bdb9e3","019bb7be-fec4-7390-a7e1-63b1a0c1067f",,,"2026-01-14 12:26:20","2026-01-14 12:26:20"
"019bbc7b-4169-7329-bc93-6561400d7dfe","019bbc7a-b767-7109-853b-6087d3fa65bd","019bb7be-fec4-7390-a7e1-63b1a0c1067f",,,"2026-01-14 12:29:12","2026-01-14 12:29:12"
"019bbc7b-4194-73a4-9fff-2739efa7c0d3","019bbc7a-be92-72b6-a216-b02bcb9a29c5","019bb7be-fec4-7390-a7e1-63b1a0c1067f",,,"2026-01-14 12:29:12","2026-01-14 12:29:12"
"019bbc7b-41bf-7343-a660-a628475baf52","019bbc7a-c4eb-7082-8ce3-4e0fd2a575aa","019bb7be-fec4-7390-a7e1-63b1a0c1067f",,,"2026-01-14 12:29:13","2026-01-14 12:29:13"
"019bbc7b-41e9-705f-bcd4-d2ba0b7def4d","019bbc7a-cc1c-711a-a4c1-f18003d1268f","019bb7be-fec4-7390-a7e1-63b1a0c1067f",,,"2026-01-14 12:29:13","2026-01-14 12:29:13"
"019bbc7b-4213-736a-b094-af751f2ace7b","019bbc7a-d220-71a1-9e9f-b9126662e013","019bb7be-fec4-7390-a7e1-63b1a0c1067f",,,"2026-01-14 12:29:13","2026-01-14 12:29:13"
"019bbc90-d345-7241-a7d5-0a03bf2e68a7","019bbc90-b53e-728b-bca1-7318c64bff8b","019bb7be-fec4-7390-a7e1-63b1a0c1067f",,,"2026-01-14 12:52:46","2026-01-14 12:52:46"
"019bbc9a-91a0-7174-8c20-6ff9afe64e3f","019bbc9a-6e85-735e-8cb1-715544e18fd1","019bb7be-fec4-7390-a7e1-63b1a0c1067f",,,"2026-01-14 13:03:25","2026-01-14 13:03:25"
"019bbc9c-e544-7158-be57-28d350c303ec","019bbc9c-93cf-708a-9a63-cfae28fc4537","019bb7be-fec4-7390-a7e1-63b1a0c1067f",,,"2026-01-14 13:05:57","2026-01-14 13:05:57"
"019bbc9c-e56f-721c-af77-ff341b1b7252","019bbc9c-ad02-7045-bc1e-467a62a4dcab","019bb7be-fec4-7390-a7e1-63b1a0c1067f",,,"2026-01-14 13:05:57","2026-01-14 13:05:57"
"019bbc9c-e5a1-73f0-a499-c0c95c670a09","019bbc9c-b731-7169-817e-ed379f7c1bbb","019bb7be-fec4-7390-a7e1-63b1a0c1067f",,,"2026-01-14 13:05:57","2026-01-14 13:05:57"
"019bbc9e-37e9-733e-9dc2-591075e5c3c5","019bbc9e-162c-7337-a238-f57eb78d22d6","019bb7be-fec4-7390-a7e1-63b1a0c1067f",,,"2026-01-14 13:07:24","2026-01-14 13:07:24"
"019bbc9e-3815-7039-ab1f-7f38bf064857","019bbc9e-1ecd-73d8-aa47-e86d7be513d9","019bb7be-fec4-7390-a7e1-63b1a0c1067f",,,"2026-01-14 13:07:24","2026-01-14 13:07:24"
"019bbc9f-7c6b-7292-9b05-77a44c51a089","019bbc9f-6c28-7270-84e4-5e0b443f2050","019bb7be-fec4-7390-a7e1-63b1a0c1067f",,,"2026-01-14 13:08:47","2026-01-14 13:08:47"
"019bbca1-78b9-72f2-9542-2746eaaded71","019bbca1-4bc2-71c9-a6ff-52518f6a27fc","019bb7be-fec4-7390-a7e1-63b1a0c1067f",,,"2026-01-14 13:10:57","2026-01-14 13:10:57"
"019bbca1-78e7-7107-ac21-fb4f223408fd","019bbca1-52b7-7076-92d9-499d0ef54907","019bb7be-fec4-7390-a7e1-63b1a0c1067f",,,"2026-01-14 13:10:57","2026-01-14 13:10:57"
"019bbca1-7914-7157-ad86-c4d1f4cc67a4","019bbca1-59ad-7186-96b5-35acc9847855","019bb7be-fec4-7390-a7e1-63b1a0c1067f",,,"2026-01-14 13:10:57","2026-01-14 13:10:57"
"019bbca1-7940-7039-a4eb-b20632ff5773","019bbca1-5fef-71ef-b86a-2d1323c8a5e7","019bb7be-fec4-7390-a7e1-63b1a0c1067f",,,"2026-01-14 13:10:57","2026-01-14 13:10:57"
"019bbca2-a6eb-71fc-92af-776587fa97f3","019bbca2-9491-7359-9dec-49ff37a185c3","019bb7be-fec4-7390-a7e1-63b1a0c1067f",,,"2026-01-14 13:12:14","2026-01-14 13:12:14"
"019bbca8-8908-70c0-a0e2-5d3758b9fd22","019bbca8-69dc-73c6-8993-64a243ef8dcb","019bb7be-fec4-7390-a7e1-63b1a0c1067f",,,"2026-01-14 13:18:40","2026-01-14 13:18:40"
"019bbca8-8934-73ce-8c19-85bc4504657b","019bbca8-730d-725d-87fe-a60a342dd429","019bb7be-fec4-7390-a7e1-63b1a0c1067f",,,"2026-01-14 13:18:40","2026-01-14 13:18:40"
"019bbca9-fe84-7111-b03f-e75bdab48d6c","019bbca9-4a52-72de-8c4a-a26328004254","019bb7be-fec4-7390-a7e1-63b1a0c1067f",,,"2026-01-14 13:20:16","2026-01-14 13:20:16"
"019bbcab-f593-706a-9d49-e43a02b7a5f8","019bbca6-6f87-737a-a59a-f06572185fa5","019bb7be-fec4-7390-a7e1-63b1a0c1067f",,,"2026-01-14 13:22:24","2026-01-14 13:22:24"
"019bbcae-4739-7072-ae46-f7e2fa53f615","019bbcae-01b4-7164-afc9-f9ecc0b8b580","019bb7be-fec4-7390-a7e1-63b1a0c1067f",,,"2026-01-14 13:24:56","2026-01-14 13:24:56"
"019bbcae-4770-70f3-8d51-4b6900dcd1b7","019bbcae-0a5f-72b7-8642-bab281895d58","019bb7be-fec4-7390-a7e1-63b1a0c1067f",,,"2026-01-14 13:24:56","2026-01-14 13:24:56"
"019bbcae-479b-7110-92da-1fe856dc9bdd","019bbcae-120b-728a-9e61-9347232e2218","019bb7be-fec4-7390-a7e1-63b1a0c1067f",,,"2026-01-14 13:24:56","2026-01-14 13:24:56"
"019bbcb1-cebd-711b-9689-f5a0e74b07ff","019bbcb1-a99b-706c-90db-dc824bf45822","019bb7be-fec4-7390-a7e1-63b1a0c1067f",,,"2026-01-14 13:28:48","2026-01-14 13:28:48"
"019bbcb1-ceee-71ab-bffa-75848fe723b3","019bbcb1-b25f-7050-80af-c6607275cf3f","019bb7be-fec4-7390-a7e1-63b1a0c1067f",,,"2026-01-14 13:28:48","2026-01-14 13:28:48"
"019bbcb1-cf19-7314-8141-ede433c04cd2","019bbcb1-b8d8-735d-935d-24a452613d6d","019bb7be-fec4-7390-a7e1-63b1a0c1067f",,,"2026-01-14 13:28:48","2026-01-14 13:28:48"
"019bbcb2-c6a8-7202-b3d9-81b651d7bfd4","019bbcb2-b33e-71ab-8a7b-96fe2fceab06","019bb7be-fec4-7390-a7e1-63b1a0c1067f",,,"2026-01-14 13:29:51","2026-01-14 13:29:51"
"019bbcb4-9f5e-71b4-b9cc-e1ec94f0ef22","019bbcb3-7e6d-7099-880d-2e2d325ca8c2","019bb7be-fec4-7390-a7e1-63b1a0c1067f",,,"2026-01-14 13:31:52","2026-01-14 13:31:52"
"019bbcb9-aeba-72a0-8770-5d4fe31ff7aa","019bbcb9-91be-728a-ba67-bfd962d5185b","019bb7be-fec4-7390-a7e1-63b1a0c1067f",,,"2026-01-14 13:37:24","2026-01-14 13:37:24"
"019bbcbc-55c1-71f4-a41c-bb75463a668e","019bbcbb-d916-7385-a176-cb35f8bd58e1","019bb7be-fec4-7390-a7e1-63b1a0c1067f",,,"2026-01-14 13:40:17","2026-01-14 13:40:17"
"019bbcbd-af45-7126-92e1-629e419de74f","019bbcbd-9af9-7334-a1d8-bddff2c52a5c","019bb7be-fec4-7390-a7e1-63b1a0c1067f",,,"2026-01-14 13:41:46","2026-01-14 13:41:46"
"019bbcc1-bb17-73cb-ac0c-7c3c07996f43","019bbca6-7621-73e0-afdd-83f1e83649c1","019bb7be-fec4-7390-a7e1-63b1a0c1067f",,,"2026-01-14 13:46:11","2026-01-14 13:46:11"
"019bbd0f-e920-73af-a1d3-2c8dc934eae5","019bbd0f-c3ed-7376-9ff0-609b177e826c","019bb7be-fec4-7390-a7e1-63b1a0c1067f",,,"2026-01-14 15:11:35","2026-01-14 15:11:35"
"019bbd0f-e974-735a-be12-42f5d3f9b4d9","019bbd0f-cae1-72fa-8889-f80f897ed538","019bb7be-fec4-7390-a7e1-63b1a0c1067f",,,"2026-01-14 15:11:35","2026-01-14 15:11:35"
"019bbd13-920b-7132-9a85-db0ebe31b547","019bbd13-462c-7175-b343-78f588c0d3ca","019bb7be-fec4-7390-a7e1-63b1a0c1067f",,,"2026-01-14 15:15:35","2026-01-14 15:15:35"
"019bbd13-9238-73ef-81ae-0696f63bd4d7","019bbd13-4f62-71c6-8c91-a415d456dd09","019bb7be-fec4-7390-a7e1-63b1a0c1067f",,,"2026-01-14 15:15:35","2026-01-14 15:15:35"
"019bbd13-9264-728e-8837-e132470d4620","019bbd13-55a2-7074-b1f8-c8977c5d0c2e","019bb7be-fec4-7390-a7e1-63b1a0c1067f",,,"2026-01-14 15:15:35","2026-01-14 15:15:35"
"019bbd13-928e-735d-ab14-3750fbd72760","019bbd13-5c57-735f-98af-18a89a89eb02","019bb7be-fec4-7390-a7e1-63b1a0c1067f",,,"2026-01-14 15:15:35","2026-01-14 15:15:35"
"019bbd13-92bb-735e-9eda-11d017a27eb1","019bbd13-6269-73d9-b456-35ad69d5521e","019bb7be-fec4-7390-a7e1-63b1a0c1067f",,,"2026-01-14 15:15:35","2026-01-14 15:15:35"
"019bbd17-d843-725c-9db0-b6c9aa66c2ee","019bbd17-bd25-7251-8c75-753594aa3007","019bb7be-fec4-7390-a7e1-63b1a0c1067f",,,"2026-01-14 15:20:15","2026-01-14 15:20:15"
"019bbd1c-ce39-733b-851f-e88312ed74b0","019bbd1c-2fb6-7143-878c-06d576399478","019bb7be-fec4-7390-a7e1-63b1a0c1067f",,,"2026-01-14 15:25:40","2026-01-14 15:25:40"
"019bbd1f-bd6f-70d8-a059-82a7976daf9c","019bbd1f-8bfb-7142-89ac-9dc14c542a8a","019bb7be-fec4-7390-a7e1-63b1a0c1067f",,,"2026-01-14 15:28:52","2026-01-14 15:28:52"
"019bbd1f-bd9e-72b8-ab84-dc197a611551","019bbd1f-92e6-715d-a9ac-3bb221f19a0c","019bb7be-fec4-7390-a7e1-63b1a0c1067f",,,"2026-01-14 15:28:52","2026-01-14 15:28:52"
"019bbd1f-bdcb-7013-b9d3-752f515dee9b","019bbd1f-98d1-70a6-8c2b-562b28b3a436","019bb7be-fec4-7390-a7e1-63b1a0c1067f",,,"2026-01-14 15:28:52","2026-01-14 15:28:52"
"019bbd1f-bdf9-724d-bbbe-7feb9cb464d3","019bbd1f-9e7e-7226-8ea5-ede0992cd32f","019bb7be-fec4-7390-a7e1-63b1a0c1067f",,,"2026-01-14 15:28:52","2026-01-14 15:28:52"
"019bbd21-a1d5-713d-afdf-a0e8388dd8d9","019bbd21-7314-71cf-8014-31e6e952b4f2","019bb7be-fec4-7390-a7e1-63b1a0c1067f",,,"2026-01-14 15:30:56","2026-01-14 15:30:56"
"019bbd21-a204-72d9-bb6e-da03456efb72","019bbd21-7a40-70f4-b6b1-bdfad173fedc","019bb7be-fec4-7390-a7e1-63b1a0c1067f",,,"2026-01-14 15:30:56","2026-01-14 15:30:56"
"019bbd21-a230-72c4-a631-87ebd66736de","019bbd21-80ff-724b-856e-86f9c6b47e98","019bb7be-fec4-7390-a7e1-63b1a0c1067f",,,"2026-01-14 15:30:56","2026-01-14 15:30:56"
"019bbd21-a25d-7333-ae8c-c7d24d5df0c1","019bbd21-86f6-704a-a380-fa7fec32f932","019bb7be-fec4-7390-a7e1-63b1a0c1067f",,,"2026-01-14 15:30:56","2026-01-14 15:30:56"
"019bbd23-25c4-70fd-a228-aa9e465d9a78","019bbd22-fe26-73bb-8cfb-894fd38f151e","019bb7be-fec4-7390-a7e1-63b1a0c1067f",,,"2026-01-14 15:32:35","2026-01-14 15:32:35"
"019bbd23-25f1-7008-9538-447980ae975d","019bbd23-047c-73e9-a21b-13c6125b9763","019bb7be-fec4-7390-a7e1-63b1a0c1067f",,,"2026-01-14 15:32:35","2026-01-14 15:32:35"
"019bbd23-261e-7062-9a73-baeb448f419e","019bbd23-0a8c-719a-9e8b-8bf052c9922e","019bb7be-fec4-7390-a7e1-63b1a0c1067f",,,"2026-01-14 15:32:35","2026-01-14 15:32:35"
"019bbd23-264b-7375-9881-73a3a398b9e5","019bbd23-105a-7207-9461-424e66e4d8ed","019bb7be-fec4-7390-a7e1-63b1a0c1067f",,,"2026-01-14 15:32:36","2026-01-14 15:32:36"
"019bbd23-ddb7-72eb-8e70-938882449905","019bbd23-cdfb-7398-9108-c33c057997d7","019bb7be-fec4-7390-a7e1-63b1a0c1067f",,,"2026-01-14 15:33:23","2026-01-14 15:33:23"
"019bbd25-c377-715f-8568-7df6ba450e8e","019bbd25-93f4-712e-8986-632d4082d3ab","019bb7be-fec4-7390-a7e1-63b1a0c1067f",,,"2026-01-14 15:35:27","2026-01-14 15:35:27"
"019bbd25-c3a3-7189-8940-cd547aa9d789","019bbd25-9a14-72cb-a4df-9201fe3b7f49","019bb7be-fec4-7390-a7e1-63b1a0c1067f",,,"2026-01-14 15:35:27","2026-01-14 15:35:27"
"019bbd25-c3ce-7137-ba8b-83726ee6e66d","019bbd25-9f9a-7131-bcfe-ba66421874e1","019bb7be-fec4-7390-a7e1-63b1a0c1067f",,,"2026-01-14 15:35:27","2026-01-14 15:35:27"
"019bbd25-c3f8-7045-ab21-9206919fb0d9","019bbd25-a6bf-73cc-b149-eb51e3b5c6c6","019bb7be-fec4-7390-a7e1-63b1a0c1067f",,,"2026-01-14 15:35:27","2026-01-14 15:35:27"
"019bbd29-0f8e-703e-80c7-556205ed68e1","019bbd28-af6a-723b-a95e-3fcce13c5809","019bb7be-fec4-7390-a7e1-63b1a0c1067f",,,"2026-01-14 15:39:03","2026-01-14 15:39:03"
"019bbd2a-6636-714d-863a-5c6858f9f380","019bbd2a-3e72-7001-9968-5ee401191003","019bb7be-fec4-7390-a7e1-63b1a0c1067f",,"51.1933903, 5.9882649","2026-01-14 15:40:31","2026-01-15 08:33:13"
"019bbd2a-669b-720c-b1d8-571ba9052d1e","019bbd2a-4be0-7196-aaa6-37e2440370c1","019bb7be-fec4-7390-a7e1-63b1a0c1067f",,,"2026-01-14 15:40:31","2026-01-14 21:30:02"
"019bc0ea-e081-7017-a972-79de8a131ea9","019bbd2a-4497-703a-8266-1d73689a695f","019bb7be-fec4-7390-a7e1-63b1a0c1067f",,,"2026-01-15 09:09:37","2026-01-15 09:09:37"
"019bc137-b378-71d7-8e81-0d0a17c51bff","019bbd2a-3875-7026-8afd-6ac621c4eb69","019bb7be-fec4-7390-a7e1-63b1a0c1067f",,,"2026-01-15 10:33:31","2026-01-15 10:33:31"
"019bc152-804b-7236-9366-fe9f099cad18","019bc152-2168-70cf-bfea-2273d4e37759","019bb7be-fec4-7390-a7e1-63b1a0c1067f",,,"2026-01-15 11:02:48","2026-01-15 11:02:48"
"019bc152-8080-72a2-a4ce-205638ef1717","019bc152-2793-70a5-ad8f-f7b941dbabfc","019bb7be-fec4-7390-a7e1-63b1a0c1067f",,,"2026-01-15 11:02:48","2026-01-15 11:02:48"
"019bc152-80a9-73a9-adbf-db4d8cab1d1f","019bc152-2dc6-719b-9ceb-df33d7cd74ee","019bb7be-fec4-7390-a7e1-63b1a0c1067f",,,"2026-01-15 11:02:48","2026-01-15 11:02:48"
"019bc152-80ec-71d8-9234-67f8a825d75d","019bc152-33a8-719e-a79c-55c0e49b8ddd","019bb7be-fec4-7390-a7e1-63b1a0c1067f",,,"2026-01-15 11:02:48","2026-01-15 11:02:48"