"id","name","custom","accepted_by","image_data","created_at","updated_at","requested_by"
"019bb7c0-7cea-7033-933a-52542b7e8731","Tattoo Sentences","false","019bb7be-fec4-7390-a7e1-63b1a0c1067f","series/xk2MTdVlKxIFSY3Jf2oyJR02v6FsQNSXsgshNBrd.jpg","2026-01-13 14:26:44","2026-01-13 14:26:44","019bb7be-fec4-7390-a7e1-63b1a0c1067f"
"019bb7c6-fd07-7034-b242-ac1ca21d0af0","Matrix Pattern","false","019bb7be-fec4-7390-a7e1-63b1a0c1067f","series/HXrqk9D4xnzfWoJ0ocAxPb9xDfPa0dOdVF5VTGbp.jpg","2026-01-13 14:33:50","2026-01-13 14:33:50","019bb7be-fec4-7390-a7e1-63b1a0c1067f"
"019bb7c9-4a0c-707b-9768-303255f08c18","Eat Your Fruits","false","019bb7be-fec4-7390-a7e1-63b1a0c1067f","series/LCRa641BkkVGojPY1AnjZIXKENalA8tR2Z1q6L72.jpg","2026-01-13 14:36:20","2026-01-13 14:36:20","019bb7be-fec4-7390-a7e1-63b1a0c1067f"
"019bb7ce-da76-70fc-8593-59f80b19d414","Porn Slogan 6","false","019bb7be-fec4-7390-a7e1-63b1a0c1067f","series/MLfdTBpALmXpMB1n09LT7gkpVf27cQdsIVdplH6G.jpg","2026-01-13 14:42:25","2026-01-13 14:42:25","019bb7be-fec4-7390-a7e1-63b1a0c1067f"
"019bb7d0-8fac-722a-8fd9-bc25155c29c0","Pink Power","false","019bb7be-fec4-7390-a7e1-63b1a0c1067f","series/5UZeN1dEMyWtQZglwX1qT4HXHwXTYqb0pUwbriXr.jpg","2026-01-13 14:44:17","2026-01-13 14:44:17","019bb7be-fec4-7390-a7e1-63b1a0c1067f"
"019bb7d3-771f-73f4-ad45-f4e47622d12e","Einhorn Slogan","false","019bb7be-fec4-7390-a7e1-63b1a0c1067f","series/phd0NQiQMbQ7ujGq86HCuWPvYrPdHav7zf0TVfBX.jpg","2026-01-13 14:47:27","2026-01-13 14:47:27","019bb7be-fec4-7390-a7e1-63b1a0c1067f"
"019bb7d6-1a21-7049-b159-0f646bad04b6","Tiki Mask","false","019bb7be-fec4-7390-a7e1-63b1a0c1067f","series/7pZWyVVV48HL3s7qWLMGWh3OWce5nZg0iQh6w2H3.jpg","2026-01-13 14:50:20","2026-01-13 14:50:20","019bb7be-fec4-7390-a7e1-63b1a0c1067f"
"019bb7d7-7170-73d3-87a6-377fb8e7c45b","Neon Leaves","false","019bb7be-fec4-7390-a7e1-63b1a0c1067f","series/dK7tYQufRxV4iZIFrP2jMs3pWBk3Ruym52HxC8As.jpg","2026-01-13 14:51:48","2026-01-13 14:51:48","019bb7be-fec4-7390-a7e1-63b1a0c1067f"
"019bb7da-45e0-7276-8311-6da56aa02da0","Tiki#2","false","019bb7be-fec4-7390-a7e1-63b1a0c1067f","series/IrpPVCPApdQEbka5mpr6x3W2zRELJ8fF0Xn7xNSh.jpg","2026-01-13 14:54:53","2026-01-13 14:54:53","019bb7be-fec4-7390-a7e1-63b1a0c1067f"
"019bb7dd-061b-7138-a3c5-84be1b2008ff","Mandala 7","false","019bb7be-fec4-7390-a7e1-63b1a0c1067f","series/hMZAvcNPSJKUJJ6m03XN79tKpGE1bheDVppkqaOC.jpg","2026-01-13 14:57:54","2026-01-13 14:57:54","019bb7be-fec4-7390-a7e1-63b1a0c1067f"
"019bb7df-1e3f-7006-ae3b-a0ce6fd4090e","Geometrical Animals","false","019bb7be-fec4-7390-a7e1-63b1a0c1067f","series/oC2XHfLuoPWEhSabsyCZaeM9pFioRBtUljt2mfMt.jpg","2026-01-13 15:00:11","2026-01-13 15:00:11","019bb7be-fec4-7390-a7e1-63b1a0c1067f"
"019bb7e0-868d-72f2-8c74-6cd54d7f40c6","Mexican Skulls 5","false","019bb7be-fec4-7390-a7e1-63b1a0c1067f","series/m9LCVp11yXRjxcL4ldDdZiZ72yMIgLPz6BSJsNcD.jpg","2026-01-13 15:01:43","2026-01-13 15:01:43","019bb7be-fec4-7390-a7e1-63b1a0c1067f"
"019bb7e2-27a7-70c2-adc9-65a1e4993f53","Tattoo 2","false","019bb7be-fec4-7390-a7e1-63b1a0c1067f","series/iMEbNw5NhH79OmaHqT2pXJuJn5MRDaEamGSLgaSw.jpg","2026-01-13 15:03:30","2026-01-13 15:03:30","019bb7be-fec4-7390-a7e1-63b1a0c1067f"
"019bb7e3-8c53-7013-9bea-0eb27f7450b4","Skull Fire","false","019bb7be-fec4-7390-a7e1-63b1a0c1067f","series/GG1KO852cZw3EZrvXUpUMjRlxCaeMfa66SNNExjb.jpg","2026-01-13 15:05:01","2026-01-13 15:05:01","019bb7be-fec4-7390-a7e1-63b1a0c1067f"
"019bb7e5-f644-72a9-a4c5-9658da4d46eb","Annoying Quotes","false","019bb7be-fec4-7390-a7e1-63b1a0c1067f","series/xNe5AwsevNWaBEgwKh34xKrQ1ENFEAmTy31TfIhL.jpg","2026-01-13 15:07:39","2026-01-13 15:07:39","019bb7be-fec4-7390-a7e1-63b1a0c1067f"
"019bb7e7-a713-709b-a25c-b513e523fbc6","African Leaves","false","019bb7be-fec4-7390-a7e1-63b1a0c1067f","series/swOVmeOEz59nFHlqeLG0DzCyjiSIoqeudOe93AiI.jpg","2026-01-13 15:09:30","2026-01-13 15:09:30","019bb7be-fec4-7390-a7e1-63b1a0c1067f"
"019bb7ea-ffa8-7397-be28-ea90eb975a64","Fuck Collection","false","019bb7be-fec4-7390-a7e1-63b1a0c1067f","series/z2qW46teHXYECnh1aV5uh93OIIn8YwIZs1VomWIh.jpg","2026-01-13 15:13:10","2026-01-13 15:13:10","019bb7be-fec4-7390-a7e1-63b1a0c1067f"
"019bb7ef-51b1-70d9-9926-d318b2140684","Animal Slogan","false","019bb7be-fec4-7390-a7e1-63b1a0c1067f","series/2L1ppIvHE0jh5rxYfWV6RHYqdjGRf8I1Ep7k42FP.jpg","2026-01-13 15:17:53","2026-01-13 15:17:53","019bb7be-fec4-7390-a7e1-63b1a0c1067f"
"019bb7f2-06e2-70b2-95ba-70ec790d1fe1","Trippy","false","019bb7be-fec4-7390-a7e1-63b1a0c1067f","series/FTR5BhsSuuBmF3yVl5ScA7OxmORk8ZBDwL0TpiNa.jpg","2026-01-13 15:20:50","2026-01-13 15:20:50","019bb7be-fec4-7390-a7e1-63b1a0c1067f"
"019bb7f3-8064-7322-96ed-925ca8395f25","Gamer World 3","false","019bb7be-fec4-7390-a7e1-63b1a0c1067f","series/FDj2kh2e2Qanx9momEAKIccib32nIKFRxrXRMJNb.jpg","2026-01-13 15:22:27","2026-01-13 15:22:27","019bb7be-fec4-7390-a7e1-63b1a0c1067f"
"019bb7f5-3bca-72d5-8361-2d0411c06545","Weed Billboard","false","019bb7be-fec4-7390-a7e1-63b1a0c1067f","series/kFGl7qNPm5RRX0cxyb6yaVvX92Ymo0ZJ8OstTIQW.jpg","2026-01-13 15:24:20","2026-01-13 15:24:20","019bb7be-fec4-7390-a7e1-63b1a0c1067f"
"019bb7f6-d9a2-7353-85e1-a0dfccbe4a64","Propaganja","false","019bb7be-fec4-7390-a7e1-63b1a0c1067f","series/d899PlYXbzpcYILB14OqrUUcPZ8cUmqOY1U9xKy9.jpg","2026-01-13 15:26:06","2026-01-13 15:26:06","019bb7be-fec4-7390-a7e1-63b1a0c1067f"
"019bb7fa-e169-73cb-9b9c-e6ff5c55f8fa","Love Tattoo","false","019bb7be-fec4-7390-a7e1-63b1a0c1067f","series/klEc95ZcIptA2xQ1I7Cl7MVieXiUXrBBkhMn6azZ.jpg","2026-01-13 15:30:30","2026-01-13 15:30:30","019bb7be-fec4-7390-a7e1-63b1a0c1067f"
"019bb7ff-53bc-7191-a0b0-8eadc19d86a6","420 Mix 4","false","019bb7be-fec4-7390-a7e1-63b1a0c1067f","series/nxmxx8hORS4fNrIcC3Z9KB8uabKvVwPKRRdSxnEF.jpg","2026-01-13 15:35:22","2026-01-13 15:35:22","019bb7be-fec4-7390-a7e1-63b1a0c1067f"
"019bb801-8438-72e8-891b-1b2b05e0ccbe","Hamster","false","019bb7be-fec4-7390-a7e1-63b1a0c1067f","series/fHiNtTcamXHEU0e3RRhE6lQn2DGwaO8qVbyNIVGh.jpg","2026-01-13 15:37:45","2026-01-13 15:37:45","019bb7be-fec4-7390-a7e1-63b1a0c1067f"
"019bb804-febf-7313-8dcb-2e37f6837274","Denglish 4","false","019bb7be-fec4-7390-a7e1-63b1a0c1067f","series/ROzUnOIQtduWU1YZA65tTU7qRRNb2ZUHQBGpmwst.jpg","2026-01-13 15:41:33","2026-01-13 15:41:33","019bb7be-fec4-7390-a7e1-63b1a0c1067f"
"019bb807-44e5-7308-b79a-825ff0b174e6","Denglish 6","false","019bb7be-fec4-7390-a7e1-63b1a0c1067f","series/hTw2RPedMhIlNtQqF7sFjIRCzeBxWulaPHeQInlH.jpg","2026-01-13 15:44:02","2026-01-13 15:44:02","019bb7be-fec4-7390-a7e1-63b1a0c1067f"
"019bb809-b8b0-713f-866a-3e0bcb412e6c","Funny Humor 2","false","019bb7be-fec4-7390-a7e1-63b1a0c1067f","series/EJszJBsXwfsVHcNbcyDMkCcf2eEZDCDUI2xj4aq6.jpg","2026-01-13 15:46:43","2026-01-13 15:46:43","019bb7be-fec4-7390-a7e1-63b1a0c1067f"
"019bb80c-ac2b-725c-aa4b-64ea4328700c","Hamsa 2","false","019bb7be-fec4-7390-a7e1-63b1a0c1067f","series/YbP4XNXzdxY1XlBsa80NmVznjFA7qpVwrMd36AhQ.jpg","2026-01-13 15:49:56","2026-01-13 15:49:56","019bb7be-fec4-7390-a7e1-63b1a0c1067f"
"019bb80e-485c-71f3-888d-1cc06c2580ab","Turistico Espana","false","019bb7be-fec4-7390-a7e1-63b1a0c1067f","series/MKTsC2Y9ww1XlAZGThG9kE8UUw85rrU4qY8IdO5Z.jpg","2026-01-13 15:51:42","2026-01-13 15:51:42","019bb7be-fec4-7390-a7e1-63b1a0c1067f"
"019bb810-e0c8-708f-af2e-0a7ef15e535d","Ufos","false","019bb7be-fec4-7390-a7e1-63b1a0c1067f","series/YufvPNSbMMdfH7mNAP303dbih0rOnOMyeXBLSovi.jpg","2026-01-13 15:54:32","2026-01-13 15:54:32","019bb7be-fec4-7390-a7e1-63b1a0c1067f"
"019bb812-0dec-7223-a207-b6a9c4c27eeb","Look Leaves","false","019bb7be-fec4-7390-a7e1-63b1a0c1067f","series/X13LYIERn07Q6eqbnhTRzufWy7LHBtb66v2bBpWG.jpg","2026-01-13 15:55:49","2026-01-13 15:55:49","019bb7be-fec4-7390-a7e1-63b1a0c1067f"
"019bb818-e6d4-7027-9a52-6c58ac89990a","Penguin Life","false","019bb7be-fec4-7390-a7e1-63b1a0c1067f","series/9kEf6LEmsB2SOdxQntSMIWHyVSskFbLS0fqRLQmn.jpg","2026-01-13 16:03:18","2026-01-13 16:03:18","019bb7be-fec4-7390-a7e1-63b1a0c1067f"
"019bb81a-fe39-70fa-941b-304865797cfa","Tucan Life","false","019bb7be-fec4-7390-a7e1-63b1a0c1067f","series/o4cLnu2gtJuzUGPqghuAIrQJKnJVnQZWKc4pVgVl.jpg","2026-01-13 16:05:35","2026-01-13 16:05:35","019bb7be-fec4-7390-a7e1-63b1a0c1067f"
"019bb8c2-e3f5-7046-9904-d07202e1799c","Sex & Fun","false","019bb7be-fec4-7390-a7e1-63b1a0c1067f","series/ScCO37TJso9GBI7tCI04pwN3HIa0TAonltV4jCNX.jpg","2026-01-13 19:08:58","2026-01-13 19:08:58","019bb7be-fec4-7390-a7e1-63b1a0c1067f"
"019bb8c3-c32e-737a-918a-2e7fc85283ab","Trouble Mascots","false","019bb7be-fec4-7390-a7e1-63b1a0c1067f","series/8RseSTlDXR0Y5Gt1umImGXCLqa2Um8HxBQi4Skfg.jpg","2026-01-13 19:09:55","2026-01-13 19:09:55","019bb7be-fec4-7390-a7e1-63b1a0c1067f"
"019bb8c5-0178-704d-86e4-6e88b7f4da90","GEISHAS","false","019bb7be-fec4-7390-a7e1-63b1a0c1067f","series/rgQKHnOt0HAdxgctDNrSNd8sSPrdaZqHzxEbWTbY.jpg","2026-01-13 19:11:17","2026-01-13 19:11:17","019bb7be-fec4-7390-a7e1-63b1a0c1067f"
"019bb8c6-7be5-705e-a1dc-ba950015e443","420 Buddies","false","019bb7be-fec4-7390-a7e1-63b1a0c1067f","series/JtvccJCvxiLUD6rMgun7gTZrsEjRdNdrEEJ1tQrv.jpg","2026-01-13 19:12:54","2026-01-13 19:12:54","019bb7be-fec4-7390-a7e1-63b1a0c1067f"
"019bb8c9-05cf-733b-8d19-ac96ab9c4d60","420 Cards","false","019bb7be-fec4-7390-a7e1-63b1a0c1067f","series/0ESvhagltIjaSKRxlrtXpWsLePtoGbzAjNSWpHaM.jpg","2026-01-13 19:15:40","2026-01-13 19:15:40","019bb7be-fec4-7390-a7e1-63b1a0c1067f"
"019bb8c9-f2b5-71d5-be5d-239f32630222","WEED MANDALA #2","false","019bb7be-fec4-7390-a7e1-63b1a0c1067f","series/m5010kYQ5vY3TfPITWQIYcWLuYsJidzGVyx1bjYe.jpg","2026-01-13 19:16:41","2026-01-13 19:16:41","019bb7be-fec4-7390-a7e1-63b1a0c1067f"
"019bb8ca-d33b-704b-b622-d5e2e09db1d0","Shrooms 6","false","019bb7be-fec4-7390-a7e1-63b1a0c1067f","series/vMTvNmwhPtpifWr2BYDWL7rZbA1XmbT3xxOV7wFo.jpg","2026-01-13 19:17:38","2026-01-13 19:17:38","019bb7be-fec4-7390-a7e1-63b1a0c1067f"
"019bb8cb-a86f-71b8-ba81-c0ca63c7b90e","Shrooms 8","false","019bb7be-fec4-7390-a7e1-63b1a0c1067f","series/BNMt91o87stgjcZZFDJ22QW7m3kWzivcUVbIs85b.jpg","2026-01-13 19:18:33","2026-01-13 19:18:33","019bb7be-fec4-7390-a7e1-63b1a0c1067f"
"019bb8cc-99ae-7295-9197-e709738bda92","Tropical Animals","false","019bb7be-fec4-7390-a7e1-63b1a0c1067f","series/AbckCzk6x440vR127tdj3yV8MtkXfU3DwRZbbCBE.jpg","2026-01-13 19:19:35","2026-01-13 19:19:35","019bb7be-fec4-7390-a7e1-63b1a0c1067f"
"019bb8cd-9d44-70bc-8886-40f66d143f80","Splatter Leaf Symbols","false","019bb7be-fec4-7390-a7e1-63b1a0c1067f","series/iXBdJ6UANPZuoNUApL5Ti0LQkKH4VvZ0xPWNL9tT.jpg","2026-01-13 19:20:41","2026-01-13 19:20:41","019bb7be-fec4-7390-a7e1-63b1a0c1067f"
"019bb8ce-6c94-70a1-a9ba-e3be0a20fe50","Psycho Leaves","false","019bb7be-fec4-7390-a7e1-63b1a0c1067f","series/vlr8Bq3osQCihjnhcWx08ZaX49exxhPsXK8sBEx2.jpg","2026-01-13 19:21:34","2026-01-13 19:21:34","019bb7be-fec4-7390-a7e1-63b1a0c1067f"
"019bb8cf-63f4-70ea-90aa-fa8b19ba87f7","Yokai Ducks","false","019bb7be-fec4-7390-a7e1-63b1a0c1067f","series/MPnrAS7HPDQEvl87ziELNIhmYoPM782Hl6VQrrGr.jpg","2026-01-13 19:22:37","2026-01-13 19:22:37","019bb7be-fec4-7390-a7e1-63b1a0c1067f"
"019bb8d0-9f7a-7334-95cf-7b38749bf958","The 60's by Shibers 2015","false","019bb7be-fec4-7390-a7e1-63b1a0c1067f","series/G0zKdPnNvAUf4T75ygjSZvy4fFmxcsfeLYhufCCx.jpg","2026-01-13 19:23:58","2026-01-13 19:23:58","019bb7be-fec4-7390-a7e1-63b1a0c1067f"
"019bb8d1-98d5-72bb-8a72-33275c306a86","Sticker Skulls","false","019bb7be-fec4-7390-a7e1-63b1a0c1067f","series/TVpOIFfhekYtW40jVhtmfiptIu9HYQz12OABNbfG.jpg","2026-01-13 19:25:02","2026-01-13 19:25:02","019bb7be-fec4-7390-a7e1-63b1a0c1067f"
"019bb8d2-9e31-71fa-9641-08335f6029dc","Weed Boarding","false","019bb7be-fec4-7390-a7e1-63b1a0c1067f","series/2rpuO0udbmHoyXP3ZohmohEALnoGV2dui1rkSzTl.jpg","2026-01-13 19:26:09","2026-01-13 19:26:09","019bb7be-fec4-7390-a7e1-63b1a0c1067f"
"019bb8d4-3861-737f-aa98-40b1968edf4c","Geomatrical Leaves","false","019bb7be-fec4-7390-a7e1-63b1a0c1067f","series/vl6aKlUal4qKBrk9OIaymMpNxuiDEaKBeBPWntU4.jpg","2026-01-13 19:27:54","2026-01-13 19:27:54","019bb7be-fec4-7390-a7e1-63b1a0c1067f"
"019bb8d4-fca3-726e-816f-a5e7fe02b788","Hypnotic Leaves","false","019bb7be-fec4-7390-a7e1-63b1a0c1067f","series/IjdxbxANHzEmdoYLitAvdY70acv2jfiaYkSRRkBF.jpg","2026-01-13 19:28:44","2026-01-13 19:28:44","019bb7be-fec4-7390-a7e1-63b1a0c1067f"
"019bb8d6-2a15-714c-9cd0-24f640e78116","Kaffee 2","false","019bb7be-fec4-7390-a7e1-63b1a0c1067f","series/QKwrqAiRA3Wo3y3F2emTmAUtXnBEQnmTAWtwcntK.jpg","2026-01-13 19:30:01","2026-01-13 19:30:01","019bb7be-fec4-7390-a7e1-63b1a0c1067f"
"019bb902-e2ed-7138-8a6c-030531c2bc0e","Travelers","false","019bb7be-fec4-7390-a7e1-63b1a0c1067f","series/JnU8A3nVVAladqeCkfoux0MVbOKtX3EhtmcUV8Or.jpg","2026-01-13 20:18:52","2026-01-13 20:18:52","019bb7be-fec4-7390-a7e1-63b1a0c1067f"
"019bb909-3c97-7161-9504-b99d401630cd","Sirius","true","019bb7be-fec4-7390-a7e1-63b1a0c1067f","series/ylhxM9uuxQ3khe8dmLpzq6T3LfhmwalBjdS3kAUx.jpg","2026-01-13 20:25:48","2026-01-13 20:25:48","019bb7be-fec4-7390-a7e1-63b1a0c1067f"
"019bb911-fd8e-7045-8117-17723469f60e","Magic is Everywhere","false","019bb7be-fec4-7390-a7e1-63b1a0c1067f","series/qpzmfTWK4O6tPOKnZdDOiPuRWQp8CTUij711MGb8.jpg","2026-01-13 20:35:22","2026-01-14 08:25:05","019bb7be-fec4-7390-a7e1-63b1a0c1067f"
"019bb915-61e4-7265-883f-0e72cde70a00","Neon Leaves 4","false","019bb7be-fec4-7390-a7e1-63b1a0c1067f","series/xNtz3ayhawrS68bkcMPNJBOL0wxzI07Yxa1VAkJ3.jpg","2026-01-13 20:39:04","2026-01-14 08:28:07","019bb7be-fec4-7390-a7e1-63b1a0c1067f"
"019bbba3-3670-7089-a099-893ea5275c90","Shrooms","false","019bb7be-fec4-7390-a7e1-63b1a0c1067f","series/G3grlyIG82RzzYJTQcrgnUSuA6MdZGi9XsDWdcve.jpg","2026-01-14 08:33:14","2026-01-14 08:33:14","019bb7be-fec4-7390-a7e1-63b1a0c1067f"
"019bbc2a-a0a0-7382-b346-64c4b26d2ac2","Trippy Aliens","false","019bb7be-fec4-7390-a7e1-63b1a0c1067f","series/zSoXtKoN9Sk2F7WLp9kTpDUIv9ZJ40JW0rCMv76m.jpg","2026-01-14 11:01:08","2026-01-14 11:01:08","019bb7be-fec4-7390-a7e1-63b1a0c1067f"
"019bbc33-4410-72ad-9e6e-033353e51838","Animal Mandala Custom","true","019bb7be-fec4-7390-a7e1-63b1a0c1067f","series/amszuGojxQI6j2JLe6eYmzOSCWKITWkenfHqqpfp.jpg","2026-01-14 11:10:35","2026-01-14 11:10:35","019bb7be-fec4-7390-a7e1-63b1a0c1067f"
"019bbc36-2747-70c5-a59f-5e85ffa9e82b","Gradient Tube","true","019bb7be-fec4-7390-a7e1-63b1a0c1067f","series/o4gAFILTtO2khXT2z991q0NS1DNonSr9p1tE4U37.jpg","2026-01-14 11:13:44","2026-01-14 11:13:44","019bb7be-fec4-7390-a7e1-63b1a0c1067f"
"019bbc39-3089-7037-a8d0-5604d2824524","Single Color","true","019bb7be-fec4-7390-a7e1-63b1a0c1067f","series/aQI5Pf84HR4AQkjyGMacjW8jsBJ0RQRSCXSiq8Pg.jpg","2026-01-14 11:17:03","2026-01-14 19:25:03","019bb7be-fec4-7390-a7e1-63b1a0c1067f"
"019bbc3a-f433-7238-a5be-84539393cd7b","Canary Islands Souvenirs","true","019bb7be-fec4-7390-a7e1-63b1a0c1067f","series/dH1nMBdgL20pQuYk2y8sWn3JfLOMnOVgTVmhDd8z.jpg","2026-01-14 11:18:58","2026-01-14 13:14:06","019bb7be-fec4-7390-a7e1-63b1a0c1067f"
"019bbc3c-3af5-71ff-adf3-43e92c8f5098","Leaves Colors","false","019bb7be-fec4-7390-a7e1-63b1a0c1067f","series/zkFSU6ANSdCLz7zSlFGEpsqKUC9zqpHetxZOZyRr.jpg","2026-01-14 11:20:22","2026-01-14 11:20:22","019bb7be-fec4-7390-a7e1-63b1a0c1067f"
"019bbc44-82f9-729e-ad30-1374b9ad7d11","Shrooms Misc","true","019bb7be-fec4-7390-a7e1-63b1a0c1067f","series/SR6QFBIOucWWRSb2Vrtdo2AbynOlTQRisamIK9lv.jpg","2026-01-14 11:29:25","2026-01-14 11:29:25","019bb7be-fec4-7390-a7e1-63b1a0c1067f"
"019bbc46-0220-7276-ba25-7f8ee8e93ba0","Cannabuds","true","019bb7be-fec4-7390-a7e1-63b1a0c1067f","series/9ZuY0GCmXARzSjDeY768c4Yqd3bDmkMq8jurmU7E.jpg","2026-01-14 11:31:03","2026-01-14 11:31:03","019bb7be-fec4-7390-a7e1-63b1a0c1067f"
"019bbc4e-c14d-729a-b5e0-b26298f97216","Metallic","true","019bb7be-fec4-7390-a7e1-63b1a0c1067f","series/JKtXpk3zEqWiuAEMU0I5ec0wrXAT7HMNvGrUXlX0.jpg","2026-01-14 11:40:36","2026-01-14 11:40:36","019bb7be-fec4-7390-a7e1-63b1a0c1067f"
"019bbc51-ee06-73c9-b465-2c2a53d85b88","Dip Dye","true","019bb7be-fec4-7390-a7e1-63b1a0c1067f","series/M2TahF330SYHll2J7G5VNCU4z7vIW90eIb7SVxaP.jpg","2026-01-14 11:44:04","2026-01-14 11:44:04","019bb7be-fec4-7390-a7e1-63b1a0c1067f"
"019bbc71-5e9b-7276-a99a-61fc3a223016","Elixyr","true","019bb7be-fec4-7390-a7e1-63b1a0c1067f","series/YmM1AZJR83jHnzH8SYJSkUCc8itZSCXDMWeIBD4d.jpg","2026-01-14 12:18:25","2026-01-14 12:18:36","019bb7be-fec4-7390-a7e1-63b1a0c1067f"
"019bbc73-e47b-712c-a7be-924fde430e46","Weed Pattern","false","019bb7be-fec4-7390-a7e1-63b1a0c1067f","series/jkYrpvF69cMPetjhcm0OKj10Eh1QmiYfVnb5HX1Q.jpg","2026-01-14 12:21:10","2026-01-14 12:21:10","019bb7be-fec4-7390-a7e1-63b1a0c1067f"
"019bbc76-63fa-7130-add5-2e993cf8ba79","Mascotte Misc","true","019bb7be-fec4-7390-a7e1-63b1a0c1067f","series/UfDGMTqT1zjn0eJMjY2wPy3mOUsmAyToFv9vLq1K.jpg","2026-01-14 12:23:54","2026-01-14 12:23:54","019bb7be-fec4-7390-a7e1-63b1a0c1067f"
"019bbc78-7042-70c8-b8ec-bd0316d0817c","Mascotte Music","true","019bb7be-fec4-7390-a7e1-63b1a0c1067f","series/bDKrywMi3eOZfAdzLMZUoD0nJAEMKczzHmMeTlyX.jpg","2026-01-14 12:26:08","2026-01-14 12:26:08","019bb7be-fec4-7390-a7e1-63b1a0c1067f"
"019bbc7a-b0e5-73e2-8e2d-c8306ecae208","Italy Souvenir","true","019bb7be-fec4-7390-a7e1-63b1a0c1067f","series/NeQPJBnTamb0XIOY71ctFbRN5UifhAo6NpS5ggLT.jpg","2026-01-14 12:28:35","2026-01-14 15:15:13","019bb7be-fec4-7390-a7e1-63b1a0c1067f"
"019bbc90-acdb-712f-a887-c10126e2a28d","Portugal Souvenir","true","019bb7be-fec4-7390-a7e1-63b1a0c1067f","series/a9QBjeL7FySADZSG1x1oBzhwE4unzX6ogsven4YL.jpg","2026-01-14 12:52:36","2026-01-14 12:52:36","019bb7be-fec4-7390-a7e1-63b1a0c1067f"
"019bbc9a-658e-7205-af90-229a0b936073","Poland Souvenir","true","019bb7be-fec4-7390-a7e1-63b1a0c1067f","series/fnOAk0d2Mtr4KpxBZFgx2A7rM7vPm7GbQiTUuzXp.jpg","2026-01-14 13:03:13","2026-01-14 13:03:13","019bb7be-fec4-7390-a7e1-63b1a0c1067f"
"019bbc9c-8cae-732c-8191-88b7aaf54a5e","USA Souvenir","true","019bb7be-fec4-7390-a7e1-63b1a0c1067f","series/OKwcu3YrCtRydvTTjGZVh0tECgVzth9rJrNTLJH6.jpg","2026-01-14 13:05:34","2026-01-14 15:22:59","019bb7be-fec4-7390-a7e1-63b1a0c1067f"
"019bbc9e-0f01-70da-a538-7896aa8eb413","Greece Souvenir Sleeve","true","019bb7be-fec4-7390-a7e1-63b1a0c1067f","series/OQwfzq67QEW5zroEdBvU1x7UQigSSaG4ZhcIgT4r.jpg","2026-01-14 13:07:13","2026-01-14 13:07:13","019bb7be-fec4-7390-a7e1-63b1a0c1067f"
"019bbc9f-66aa-7335-a6cb-12fed49f4f31","Soft mini","true","019bb7be-fec4-7390-a7e1-63b1a0c1067f","series/2ivSFvxtoTlaiUJneTN0IwXVcTz5aWRYJG6kHFD6.jpg","2026-01-14 13:08:41","2026-01-14 13:13:29","019bb7be-fec4-7390-a7e1-63b1a0c1067f"
"019bbca1-4273-7225-bd80-528ceaedaa6f","Spain Souvenir","true","019bb7be-fec4-7390-a7e1-63b1a0c1067f","series/R4MiILMzzulfZ3W3akjFQ4ceM1AumkF0BScfArZ6.jpg","2026-01-14 13:10:43","2026-01-14 13:12:44","019bb7be-fec4-7390-a7e1-63b1a0c1067f"
"019bbca2-8dfb-72b4-9856-0c575354a642","Morocco Sourvenir","true","019bb7be-fec4-7390-a7e1-63b1a0c1067f","series/QAcUIQSOybOEK5x63T6Iu4lz529jIbvCEAyEk7ly.jpg","2026-01-14 13:12:08","2026-01-14 13:12:08","019bb7be-fec4-7390-a7e1-63b1a0c1067f"
"019bbca6-68ec-73ee-9cc5-0b1e91e5f3a5","Hands Sleeve","true","019bb7be-fec4-7390-a7e1-63b1a0c1067f","series/6HgwG83mCuN1Lj5b3rBagCOrLfQatc6vyANgxcAJ.jpg","2026-01-14 13:16:21","2026-01-14 13:16:36","019bb7be-fec4-7390-a7e1-63b1a0c1067f"
"019bbca8-632d-735b-9aba-18044350a502","Skulls Sleeve","true","019bb7be-fec4-7390-a7e1-63b1a0c1067f","series/3CeA1KeAHpJmHoMrFn3VGdv0pF8wxGGjoT62bPJd.jpg","2026-01-14 13:18:30","2026-01-14 13:18:30","019bb7be-fec4-7390-a7e1-63b1a0c1067f"
"019bbca9-4478-729a-8486-b3d1f9db2636","Metal (Engraved)","true","019bb7be-fec4-7390-a7e1-63b1a0c1067f","series/gNxGx5z7LgbUBShM7Inrf1hweb1oLl7E8Or9ustH.jpg","2026-01-14 13:19:28","2026-01-14 13:19:28","019bb7be-fec4-7390-a7e1-63b1a0c1067f"
"019bbcad-fa6b-72af-8667-dadb6a2ab471","Amsterdam Souvenir","true","019bb7be-fec4-7390-a7e1-63b1a0c1067f","series/HsmRtvUP58Vd1ULU14KPQp6NnzeHjzw847Cvy9i7.jpg","2026-01-14 13:24:37","2026-01-14 13:24:37","019bb7be-fec4-7390-a7e1-63b1a0c1067f"
"019bbcb1-a21e-70b5-af5d-c1897ded4edd","Cork Sleeve","true","019bb7be-fec4-7390-a7e1-63b1a0c1067f","series/781kuvL8fmytaL4sJzUnXYnPONOGZSozbHKcBnoG.jpg","2026-01-14 13:28:36","2026-01-14 13:28:36","019bb7be-fec4-7390-a7e1-63b1a0c1067f"
"019bbcb2-acbf-73dd-988e-1ce1a40e0cd9","JO 2024 Paris","false","019bb7be-fec4-7390-a7e1-63b1a0c1067f","series/5gtUwUg7KMyWE8ajfiuEGnSJ5F1VZTUYSgTn3j0c.jpg","2026-01-14 13:29:44","2026-01-14 13:29:44","019bb7be-fec4-7390-a7e1-63b1a0c1067f"
"019bbcb3-7782-72ae-819c-4acb90715f71","France Souvenir Sleeve","true","019bb7be-fec4-7390-a7e1-63b1a0c1067f","series/qxocshy0u7hfxggMQ3zIpORL4rRtjsOcSN3uR4Md.jpg","2026-01-14 13:30:36","2026-01-14 13:30:36","019bb7be-fec4-7390-a7e1-63b1a0c1067f"
"019bbcb9-8850-7033-93a6-00cc86d5eb52","Morocco Souvenir  Sleeve","true","019bb7be-fec4-7390-a7e1-63b1a0c1067f","series/08Ubtyzwn0p7LpdI7ZFemni7BkScsxvjB32xLbnB.jpg","2026-01-14 13:37:14","2026-01-14 13:37:14","019bb7be-fec4-7390-a7e1-63b1a0c1067f"
"019bbcbb-d2fa-701b-9e94-52dba2917e1d","Spain Souvenir Sleeve","true","019bb7be-fec4-7390-a7e1-63b1a0c1067f","series/5853JFEBIQJCsyDq6QGowqE3IC6OJTa6J19T0PVP.jpg","2026-01-14 13:39:44","2026-01-14 13:39:44","019bb7be-fec4-7390-a7e1-63b1a0c1067f"
"019bbcbd-9457-70e3-9ec4-94193df7d3e8","London 29","false","019bb7be-fec4-7390-a7e1-63b1a0c1067f","series/xpHfSBQIC7MJcBgCla3OLQM2GxN6qY4uPZzhm5DU.jpg","2026-01-14 13:41:39","2026-01-14 13:41:39","019bb7be-fec4-7390-a7e1-63b1a0c1067f"
"019bbd0f-be61-70a2-900e-a61b08c7d11c","Games Sleeve","true","019bb7be-fec4-7390-a7e1-63b1a0c1067f","series/0IkTRRPeR2S6ZuNduKqW8ojSabTl12UJj11hvssM.jpg","2026-01-14 15:11:24","2026-01-14 15:11:24","019bb7be-fec4-7390-a7e1-63b1a0c1067f"
"019bbd17-a643-73c0-988c-a72b4d1d8ae5","National Stars","false","019bb7be-fec4-7390-a7e1-63b1a0c1067f","series/yGxsq6KEp5oErhWDF0MbIsBh2ZnhbWHo11ovrzS0.jpg","2026-01-14 15:20:02","2026-01-14 15:20:02","019bb7be-fec4-7390-a7e1-63b1a0c1067f"
"019bbd1c-1b01-7359-b96b-1fc7c151a945","Stars","false","019bb7be-fec4-7390-a7e1-63b1a0c1067f","series/dShG4VDXo38xxltHvxtzQoqv9YwfiwCu0Qnxs9cL.jpg","2026-01-14 15:24:54","2026-01-14 15:24:54","019bb7be-fec4-7390-a7e1-63b1a0c1067f"
"019bbd1f-8673-7272-9b12-167fcd594007","Raw","true","019bb7be-fec4-7390-a7e1-63b1a0c1067f","series/xxCpS0nCGE0zAAvKVkwH9bXCtyEhWqKy2bz39zNl.jpg","2026-01-14 15:28:38","2026-01-14 15:28:38","019bb7be-fec4-7390-a7e1-63b1a0c1067f"
"019bbd21-6ca5-7296-abe1-d540d102fff4","420","true","019bb7be-fec4-7390-a7e1-63b1a0c1067f","series/rdqOKMWiIUbh5tmxJTFFRO8ua8xZwuZA7ATwdfv7.jpg","2026-01-14 15:30:42","2026-01-14 15:30:42","019bb7be-fec4-7390-a7e1-63b1a0c1067f"
"019bbd22-f87a-71c5-807c-50c03d0ea411","Plain Translucent","true","019bb7be-fec4-7390-a7e1-63b1a0c1067f","series/2qhjceTWuwJ4Kibd4gBG0ByWn8awrDMyAr14Wpu3.jpg","2026-01-14 15:32:24","2026-01-14 15:32:24","019bb7be-fec4-7390-a7e1-63b1a0c1067f"
"019bbd23-c6e1-7169-8b38-38a47e0b5a52","Metallic Gradient Light","true","019bb7be-fec4-7390-a7e1-63b1a0c1067f","series/j4vtQ1iRFbpp2OWDIUyNo1H1rGbRgteeFyqL7LUs.jpg","2026-01-14 15:33:17","2026-01-14 15:33:17","019bb7be-fec4-7390-a7e1-63b1a0c1067f"
"019bbd25-8e00-708e-afae-cfaecc945453","Metallic Gradient Dark","true","019bb7be-fec4-7390-a7e1-63b1a0c1067f","series/LIvp9cEsorm5nuSSPYPiM2WmcIBucIOHv9FE39Gt.jpg","2026-01-14 15:35:13","2026-01-14 15:35:13","019bb7be-fec4-7390-a7e1-63b1a0c1067f"
"019bbd28-a9bd-735a-a7c1-250ff399033f","Upstairs (Mascotte)","true","019bb7be-fec4-7390-a7e1-63b1a0c1067f","series/Z4HQ5D1rAUrxFqsidNsE3ApgACusBqjavVwE7Epv.jpg","2026-01-14 15:38:37","2026-01-14 15:38:37","019bb7be-fec4-7390-a7e1-63b1a0c1067f"
"019bbd2a-3333-7205-a482-ca928bb3aa03","Soft","true","019bb7be-fec4-7390-a7e1-63b1a0c1067f","series/W6HVxn4EqJNt5t8lidl3ioSEPNbGaSP0KwA6Xf1Y.jpg","2026-01-14 15:40:18","2026-01-14 15:40:18","019bb7be-fec4-7390-a7e1-63b1a0c1067f"
"019bc152-1835-7198-837c-79949b005b36","Toermalijn","true","019bb7be-fec4-7390-a7e1-63b1a0c1067f","series/fvuqKc7hCYJurtRPNPHrG1nnnCwv0ZwEjMaiUK8U.jpg","2026-01-15 11:02:21","2026-01-15 12:23:51","019bb7be-fec4-7390-a7e1-63b1a0c1067f"